user_id,username,first_name,last_name,phone,address,gender,age
1,hbelamy0,Haywood,Belamy,4425810171,1635 Continental Terrace,Male,34
2,ggrote1,Geoffrey,Grote,1429948853,5 Manitowish Hill,Male,22
3,adunnet2,Anthiathia,Dunnet,1744178893,7873 Lindbergh Place,Female,28
4,adewey3,Audie,Dewey,7374017952,12600 Washington Circle,Female,32
5,dwilley4,Debora,Willey,6268330377,714 Waubesa Alley,Female,38
6,cgrowden5,Claybourne,Growden,5256574545,2459 Pearson Pass,Male,18
7,rbartoszek6,Renate,Bartoszek,6326073005,10503 Kingsford Street,Female,23
8,dkalisz7,Danila,Kalisz,9862609813,92 Oneill Court,Female,34
9,hdowrey8,Hillel,Dowrey,7673022601,5 Pierstorff Lane,Male,25
10,lgiorgione9,Lynn,Giorgione,4705951006,230 Debs Court,Female,25
11,tbroadera,Tedra,Broader,7543613368,10 Heath Avenue,Female,28
12,ubarbosab,Ulla,Barbosa,3519987686,58839 Ridgeview Way,Female,25
13,kgerglerc,Katharina,Gergler,6425843427,39307 Packers Road,Female,36
14,pbottled,Pamela,Bottle,4617722473,68 Ridge Oak Place,Female,40
15,dbilbeee,Durward,Bilbee,9543116821,77651 North Avenue,Male,38
16,rparrenf,Rurik,Parren,6432725150,21 Morrow Avenue,Male,45
17,pposvnerg,Pippa,Posvner,8562804880,91 Donald Court,Female,35
18,gferrillioh,Gwenny,Ferrillio,7475703746,39 Arrowood Lane,Female,20
19,gjennisoni,Gaile,Jennison,3177661821,2241 Waywood Place,Male,45
20,nrobensj,Nico,Robens,3994281869,07 Maple Wood Crossing,Male,39
21,cgaulerk,Cosmo,Gauler,4627367677,6566 Michigan Point,Male,45
22,hmattedil,Henri,Mattedi,1989341169,9034 Dakota Place,Male,18
23,rhaycockm,Ronalda,Haycock,3933620045,3008 Riverside Parkway,Female,33
24,fyankovn,Felic,Yankov,2894937196,68 Victoria Place,Male,18
25,mdittso,Monique,Ditts,2319015140,7865 Hovde Street,Female,19
26,rbrettellep,Remus,Brettelle,6494038291,38122 Goodland Road,Male,25
27,kclyantq,Kristopher,Clyant,3775050664,00 Glendale Crossing,Male,30
28,fsedmanr,Frederico,Sedman,9834090264,5 Bartillon Junction,Male,29
29,lsketchers,Luke,Sketcher,9703819629,6 Grover Park,Male,34
30,brewant,Bradley,Rewan,7216152760,0898 La Follette Road,Male,28
31,rrowaszkiewiczu,Ronna,Rowaszkiewicz,3583178201,69 Pierstorff Point,Female,19
32,dchelsomv,Denys,Chelsom,5312167432,183 Hayes Park,Male,34
33,wbendanw,Wyatan,Bendan,8494095813,0089 David Trail,Male,23
34,ariddlesdenx,Ariel,Riddlesden,1534519867,63681 Farragut Hill,Male,37
35,kkearsleyy,Kevina,Kearsley,1642922412,89 Schurz Crossing,Female,22
36,bnacciz,Burke,Nacci,1395423628,7 Leroy Road,Male,45
37,ljambrozek10,Lilith,Jambrozek,8594932429,79 Lillian Crossing,Female,22
38,kdowgill11,Kenton,Dowgill,1795074464,9415 Dexter Place,Male,18
39,akean12,Alexio,Kean,4783287526,7 Myrtle Center,Male,21
40,adunabie13,Arney,Dunabie,8346063947,36798 7th Plaza,Male,31
41,cruckledge14,Corinne,Ruckledge,1497529117,7 Mifflin Lane,Female,29
42,pboocock15,Puff,Boocock,3828324218,369 Nelson Park,Male,45
43,cgull16,Charlean,Gull,6495549612,5238 Ramsey Lane,Female,39
44,lordelt17,Luci,Ordelt,6336634182,5336 Lakewood Gardens Hill,Female,41
45,gnoods18,Guthry,Noods,5276618896,1 Grim Junction,Male,30
46,sdibatista19,Sammie,Di Batista,2753166909,1 Manley Pass,Male,44
47,hmacginley1a,Hephzibah,MacGinley,4343823219,89122 Surrey Terrace,Female,24
48,mfleetwood1b,Myrlene,Fleetwood,2568277341,581 Pankratz Way,Female,26
49,vmctrustram1c,Vivyanne,McTrustram,8567262810,22 Grim Hill,Female,25
50,dangric1d,Drake,Angric,1191341084,1 Sycamore Point,Male,28
51,wballchin1e,Wood,Ballchin,2159400979,46 Ohio Center,Male,35
52,cohrtmann1f,Catlee,Ohrtmann,2093807752,61365 Farwell Hill,Female,40
53,hgiovannini1g,Henrik,Giovannini,5233585487,2905 Milwaukee Circle,Male,24
54,kfuzzey1h,Kellina,Fuzzey,2954835555,065 Pawling Drive,Female,18
55,gescalero1i,Georgena,Escalero,4078884180,349 2nd Street,Female,32
56,jsandaver1j,Jessalyn,Sandaver,7179801683,1 Scott Hill,Female,37
57,blurner1k,Bancroft,Lurner,4202651092,17 Butterfield Point,Male,45
58,gmcgookin1l,Garth,McGookin,9851663247,5720 Gina Park,Male,40
59,frainbow1m,Frayda,Rainbow,9281981234,4130 Ronald Regan Point,Female,33
60,dtabert1n,Dick,Tabert,2591338905,11607 Nelson Junction,Male,31
61,fmcpolin1o,Faythe,McPolin,1424241927,42828 Canary Junction,Female,33
62,lchopy1p,Lancelot,Chopy,1871282864,86 Warner Court,Male,31
63,galabaster1q,Georgy,Alabaster,2639197892,5 Spohn Terrace,Male,31
64,bstubbley1r,Basilius,Stubbley,2141724299,980 Petterle Point,Male,32
65,khatchard1s,Karol,Hatchard,6898391891,38204 Commercial Center,Female,28
66,gwherrit1t,Gabriela,Wherrit,9166882679,9 Menomonie Alley,Female,26
67,rfanning1u,Rollins,Fanning,3712906526,8579 Esch Parkway,Male,33
68,mfedder1v,Minna,Fedder,2959103566,26251 Vernon Pass,Female,38
69,gstoakley1w,Garret,Stoakley,1228819783,1780 Buena Vista Hill,Male,22
70,mmaybey1x,Miran,Maybey,1061338547,84 Vernon Pass,Female,39
71,fcartmale1y,Fee,Cartmale,2301786380,04 Acker Pass,Male,20
72,esafe1z,Esta,Safe,9839024357,34756 Messerschmidt Drive,Female,28
73,cpayze20,Catherina,Payze,2382236114,67388 Forest Run Lane,Female,21
74,rsanbrook21,Rikki,Sanbrook,6521463231,55 Sullivan Lane,Female,38
75,csiddle22,Chico,Siddle,1743607472,85 Northview Trail,Male,37
76,mrotte23,Melly,Rotte,9945313920,3 Washington Center,Female,27
77,rhammersley24,Robinett,Hammersley,1675401525,3 Transport Trail,Female,21
78,gshiel25,Glendon,Shiel,8425454592,586 Manufacturers Crossing,Male,30
79,dswinn26,Dilly,Swinn,3364041083,12 Little Fleur Alley,Male,43
80,cpoolton27,Coleen,Poolton,4749416649,0 Lawn Parkway,Female,43
81,bdanilovich28,Berti,Danilovich,7513204256,5 American Park,Female,18
82,genden29,Glad,Enden,7663326430,8125 Raven Park,Female,36
83,bdaymont2a,Bevin,Daymont,5056118218,3 Loftsgordon Way,Male,19
84,sgaukroger2b,Stinky,Gaukroger,6156045677,9 Continental Park,Male,29
85,ahunn2c,Abbot,Hunn,1772503570,41 Sommers Circle,Male,35
86,jmcboyle2d,Jake,McBoyle,4156772687,5 Merrick Street,Male,45
87,grickertsen2e,Gert,Rickertsen,2567236529,18559 Hanover Drive,Female,41
88,fbraven2f,Frederigo,Braven,8229501360,59740 Loeprich Avenue,Male,31
89,dcalrow2g,Dewie,Calrow,3465265722,9960 Elka Hill,Male,36
90,rewings2h,Regen,Ewings,4879701876,0 Golf View Place,Male,43
91,jgartrell2i,Jory,Gartrell,5833222229,16 Warbler Street,Male,37
92,tmarcinkowski2j,Timi,Marcinkowski,1437241889,0044 Manitowish Trail,Female,21
93,bbaunton2k,Boigie,Baunton,8249159391,975 Sherman Hill,Male,28
94,icossell2l,Iormina,Cossell,3474457994,4181 Chive Center,Female,39
95,hmace2m,Herbert,Mace,1773144051,70957 Homewood Center,Male,41
96,methridge2n,Mariquilla,Ethridge,5953130345,158 Hoffman Center,Female,24
97,bgoldsworthy2o,Barnaby,Goldsworthy,9702741706,962 Bluestem Drive,Male,24
98,pconrart2p,Phelia,Conrart,7141361611,0765 Jenifer Center,Female,35
99,lblazey2q,Lisetta,Blazey,6023003371,36 American Terrace,Female,24
100,lcowely2r,Larissa,Cowely,4198234745,3307 Anderson Junction,Female,33
