username,first_name,last_name,phone,address,gender,age
seatock0,Shanie,Eatock,3293437766,6024 Sachtjen Center,Female,37
awoodings1,Adelice,Woodings,4734171069,55788 Northridge Way,Female,32
ccauser2,Carleen,Causer,1163103700,967 Pepper Wood Alley,Female,45
cbrise3,Clayborn,Brise,1686605475,24 Bellgrove Road,Male,35
mhawken4,Maxie,Hawken,5959437031,1 Northridge Street,Female,45
bcahey5,Bourke,Cahey,2145251696,50 High Crossing Lane,Male,33
kgiovanizio6,Koenraad,Giovanizio,3766188767,86562 Cherokee Way,Male,35
bmew7,Briana,Mew,2223196826,913 Service Street,Female,27
kaldiss8,Keenan,Aldiss,5872096474,9 Sheridan Court,Male,42
dcomber9,Dani,Comber,9921409663,09 Cody Road,Female,21
apendrea,Antin,Pendre,6377403359,5388 Manley Avenue,Male,34
dnewburyb,Dominica,Newbury,7626579249,4 Warrior Road,Female,43
dgravesonc,Doyle,Graveson,3797620646,483 Forster Hill,Male,21
vborsayd,Vicky,Borsay,6007214560,17 Memorial Crossing,Female,42
hbulmere,Hermie,Bulmer,6097868711,0151 Scofield Plaza,Male,28
itutchenerf,Izzy,Tutchener,1039826126,1 Miller Pass,Male,28
wceccolig,Wang,Ceccoli,7315645158,829 New Castle Hill,Male,20
gguardh,Gilli,Guard,2948063310,3 Quincy Drive,Female,19
akingcotei,Astrid,Kingcote,7404158253,2 Anzinger Hill,Female,24
cgissopj,Chrisse,Gissop,8282126962,3 Lotheville Lane,Male,33
rcavenk,Rivi,Caven,2692340798,9853 Harper Street,Female,34
dquarlisl,Daveta,Quarlis,4608077790,031 Caliangt Trail,Female,23
lbrethertonm,Lainey,Bretherton,3012164766,355 International Court,Female,33
tpalatinon,Todd,Palatino,3891608006,1994 Melrose Terrace,Male,39
cgarrettso,Candice,Garretts,5649462544,4 Annamark Street,Female,20
ccisarp,Charita,Cisar,8426168082,618 Jenna Avenue,Female,24
lbasinigazziq,Latisha,Basini-Gazzi,8109610639,1 Kensington Street,Female,43
bpeiror,Bryan,Peiro,7944275375,5 Loeprich Trail,Male,40
jchanters,Julieta,Chanter,3727708600,0 Shopko Plaza,Female,39
ipontert,Igor,Ponter,3835640711,4 Texas Park,Male,40
aknightleyu,Arlie,Knightley,7128539996,8788 Ludington Avenue,Female,43
kfleetwoodv,Kellia,Fleetwood,6858726107,6287 Forest Dale Court,Female,31
jtalbyw,Jo,Talby,1767609509,1855 Twin Pines Pass,Male,44
emoyerx,Elissa,Moyer,3819124914,3 Division Parkway,Female,23
dblacklocky,Darci,Blacklock,8123322030,9 Riverside Circle,Female,31
rbeeseyz,Rab,Beesey,7889916763,8339 Shasta Park,Male,41
tgallimore10,Trefor,Gallimore,2246704977,8 Pierstorff Avenue,Male,39
srottenbury11,Skye,Rottenbury,7585193018,428 Arizona Court,Male,20
ebucknall12,Etienne,Bucknall,8838626997,6984 Orin Crossing,Male,36
mflynn13,Murdock,Flynn,7759296155,88 Mcguire Place,Male,40
lshepton14,Lydon,Shepton,2585251169,78521 Killdeer Point,Male,18
mkenwyn15,Marcel,Kenwyn,9144183225,6 Gale Way,Male,35
shought16,Shermie,Hought,2785448746,0046 Delladonna Avenue,Male,45
kvanderbeek17,King,Van der Beek,1241560285,3 Northview Road,Male,37
lpawle18,Leoline,Pawle,3005275348,714 Haas Circle,Female,44
drawe19,Dorry,Rawe,6628901936,03007 Anniversary Drive,Female,25
ecossam1a,Elwyn,Cossam,1041636098,813 Crownhardt Junction,Male,31
fbabst1b,Fiona,Babst,1021299950,7 Dwight Crossing,Female,21
rhowen1c,Rodrique,Howen,2303675225,9723 Stuart Street,Male,34
vkleynermans1d,Vin,Kleynermans,8819555192,5 Rusk Way,Female,33
ascreech1e,Arch,Screech,7224729165,9 Comanche Terrace,Male,18
gkose1f,Gilberta,Kose,6987385876,4 Linden Hill,Female,34
lguiso1g,Lovell,Guiso,1303428069,282 Vernon Point,Male,39
jedyson1h,Jaquelin,Edyson,2041111459,32773 Mitchell Center,Female,19
ybramhall1i,Yale,Bramhall,5598615022,787 Pawling Place,Male,25
lkeat1j,Lea,Keat,4468967360,632 Briar Crest Court,Female,31
dsergeant1k,Demetris,Sergeant,6737874062,12848 Comanche Way,Female,36
mmacintyre1l,Meade,MacIntyre,4647520343,1 Magdeline Court,Male,28
tbenardet1m,Tiphani,Benardet,5566916583,8682 Dunning Street,Female,34
ifarnorth1n,Ilsa,Farnorth,5437070176,5 Barby Hill,Female,22
khighton1o,Katleen,Highton,2477515856,0751 Jenna Avenue,Female,28
kbenedite1p,Kimberlee,Benedite,4281471640,3 Glacier Hill Place,Female,25
twhitty1q,Teddi,Whitty,7243891015,2240 Carpenter Road,Female,30
lcyson1r,Luciano,Cyson,6935508054,0 Bluejay Place,Male,43
cbolstridge1s,Chrystal,Bolstridge,1235475077,26882 Rockefeller Lane,Female,43
tgridley1t,Thom,Gridley,7165624696,2000 Algoma Plaza,Male,18
adimic1u,Antonella,Dimic,8757473784,78231 Meadow Valley Court,Female,29
kdinkin1v,Katheryn,Dinkin,3653877229,3 Merchant Plaza,Female,40
edorbon1w,Elizabet,Dorbon,6761244089,0277 Claremont Alley,Female,30
tdemkowicz1x,Tully,Demkowicz,2352474746,0917 Spohn Center,Male,41
sfitzmaurice1y,Suzann,Fitzmaurice,4397739731,332 Commercial Plaza,Female,20
akinleyside1z,Aime,Kinleyside,6474544476,2958 Lerdahl Parkway,Female,21
lellingsworth20,Lori,Ellingsworth,8156201999,4913 Victoria Parkway,Female,40
mtuffrey21,Mohandis,Tuffrey,8088830048,8414 Glendale Road,Male,38
hbrightwell22,Hardy,Brightwell,6817057813,227 Village Green Hill,Male,45
evanne23,Ezra,Vanne,4552654967,26462 Browning Lane,Male,30
rmccaughran24,Randell,McCaughran,8949627757,51402 Dennis Junction,Male,44
dmenis25,Davide,Menis,2216402342,20 Bobwhite Pass,Male,44
dbasek26,Drona,Basek,5572322853,466 Rigney Terrace,Female,44
dleedes27,Dorella,Leedes,2216314310,182 Briar Crest Circle,Female,43
chaydn28,Constantine,Haydn,7351879199,05446 Jackson Hill,Female,23
cmeeson29,Corinna,Meeson,1967243861,2334 Old Gate Drive,Female,35
lmurdoch2a,Lemmy,Murdoch,7857626088,95 Crownhardt Park,Male,21
rlongson2b,Ringo,Longson,2935248126,4479 Quincy Parkway,Male,44
shallut2c,Shayne,Hallut,4609684384,8 Kim Alley,Male,35
idegogay2d,Issy,De Gogay,6008702194,12852 Moland Circle,Female,44
lpottberry2e,Latisha,Pottberry,9893411087,47 Towne Alley,Female,41
cdevoiels2f,Cornie,de Voiels,7198842734,6 Roth Terrace,Male,38
spimblott2g,Susana,Pimblott,1282905077,5 Bay Trail,Female,33
rmutimer2h,Rafaello,Mutimer,8879077306,417 Manufacturers Circle,Male,22
mborrott2i,Madelle,Borrott,8135679949,3959 Florence Street,Female,30
kragot2j,Killie,Ragot,3257714261,310 Anniversary Junction,Male,28
efotheringham2k,Edwin,Fotheringham,9909073889,32597 Lyons Trail,Male,37
oguest2l,Olivier,Guest,8514662955,9460 Florence Parkway,Male,26
ssiggee2m,Sissy,Siggee,8789442106,67434 Westport Drive,Female,20
phaslam2n,Phillipe,Haslam,3957033704,3 Becker Terrace,Male,25
ghastler2o,Gertruda,Hastler,4223914739,123 Butterfield Drive,Female,20
tedge2p,Tim,Edge,6232838007,3 Eggendart Terrace,Male,39
mmusgrove2q,Mala,Musgrove,3022177629,3 Corscot Center,Female,28
rruddock2r,Remus,Ruddock,7766830178,33826 Kim Trail,Male,39
sfanti2s,Sargent,Fanti,2079211494,676 Vidon Lane,Male,20
fblazy2t,Flemming,Blazy,7477529828,6086 American Ash Parkway,Male,44
erippingale2u,Erhard,Rippingale,1736820027,1 Bultman Hill,Male,39
eedelman2v,Errick,Edelman,1029078357,0742 Wayridge Crossing,Male,20
whuman2w,Wayland,Human,7776118670,63610 Corben Road,Male,33
ttregale2x,Tillie,Tregale,4872491810,015 Reindahl Terrace,Female,20
lmacascaidh2y,Laurent,MacAscaidh,1965443077,4603 Fairview Center,Male,42
eisgate2z,Elie,Isgate,7811083662,076 Sutherland Trail,Female,40
rfinnes30,Rania,Finnes,5753577956,6565 Northland Place,Female,33
rcrowley31,Redd,Crowley,1047432271,1 Dawn Point,Male,44
teagers32,Tyler,Eagers,2703565849,292 Wayridge Point,Male,44
agaywood33,Aleda,Gaywood,3122512771,5 Lukken Junction,Female,35
lmarini34,Lucille,Marini,7575890145,9504 Elgar Trail,Female,39
ozima35,Oralla,Zima,6191213388,9 Marcy Plaza,Female,43
lairey36,Lek,Airey,5163055127,1735 Melrose Crossing,Male,43
tgoodright37,Tera,Goodright,3423747149,971 Bultman Center,Female,27
fwhitrod38,Francis,Whitrod,2495888729,2 Macpherson Avenue,Male,34
bsouthan39,Bridie,Southan,3652893906,5 Grasskamp Lane,Female,41
rmerricks3a,Renado,Merricks,7583823622,35522 Knutson Street,Male,24
dliepmann3b,Demetris,Liepmann,6507803768,1 Mariners Cove Pass,Female,22
sbrezlaw3c,Salaidh,Brezlaw,8249500660,7547 Oakridge Drive,Female,40
jricardet3d,Jephthah,Ricardet,4427595774,3 Namekagon Lane,Male,21
jcanfer3e,Jeffie,Canfer,3293979483,36570 Weeping Birch Terrace,Male,31
rstinson3f,Randie,Stinson,4115474206,4 Carberry Crossing,Male,44
rkidder3g,Reeba,Kidder,3185340446,526 Southridge Hill,Female,22
jjosowitz3h,Jody,Josowitz,2046843015,41120 Nancy Hill,Male,32
uworton3i,Urson,Worton,8624021835,2 Duke Street,Male,27
jgirardeau3j,Janean,Girardeau,2824717213,68280 Lien Street,Female,42
dancliff3k,Dre,Ancliff,3254125449,708 Gateway Place,Female,41
niohananof3l,Niles,Iohananof,4594147804,38 Stoughton Court,Male,27
tjosefovic3m,Terrie,Josefovic,5719130742,0 Weeping Birch Pass,Female,44
agreeson3n,Arly,Greeson,5201092001,22969 Bluejay Drive,Female,41
rparade3o,Rodina,Parade,3857157411,4680 Roxbury Pass,Female,38
ekittle3p,Eamon,Kittle,3719183117,739 Stephen Avenue,Male,44
mbirkwood3q,Moina,Birkwood,8728107056,8 Tennyson Hill,Female,30
ibottinelli3r,Isabeau,Bottinelli,3793566637,4746 Pond Drive,Female,20
jphorsby3s,Joachim,Phorsby,5021603089,63191 Russell Terrace,Male,30
speekevout3t,Stacey,Peeke-Vout,1197891864,97655 Maple Wood Alley,Female,37
acowterd3u,Anallise,Cowterd,4799592625,3345 Waywood Avenue,Female,37
jbuist3v,Jorie,Buist,5542383994,4396 Summerview Center,Female,43
gandri3w,Georg,Andri,7475977963,4736 Kingsford Avenue,Male,20
vwotherspoon3x,Veronike,Wotherspoon,7822530592,7 Ilene Way,Female,31
draistrick3y,Dorise,Raistrick,8285282336,9 Burrows Way,Female,41
rsmeeth3z,Rodney,Smeeth,2788510991,0 Sloan Crossing,Male,31
dmyers40,Dolli,Myers,1593696748,85 Golf Way,Female,25
dlower41,Di,Lower,2657683790,84789 Larry Junction,Female,44
chabard42,Camella,Habard,6835457077,28 Johnson Junction,Female,21
fguwer43,Falito,Guwer,4054941452,03234 Mccormick Terrace,Male,37
ecamps44,Eadith,Camps,6783709734,651 Victoria Circle,Female,38
agiraldo45,Arther,Giraldo,1854079329,2012 Oriole Plaza,Male,36
ckmietsch46,Christoforo,Kmietsch,9484046442,6888 Armistice Center,Male,26
aspearman47,Ashli,Spearman,8265151248,89 Fordem Park,Female,33
hkleinfeld48,Halette,Kleinfeld,3599464635,5 Lunder Court,Female,38
bgroves49,Bambi,Groves,1248461776,57 Norway Maple Road,Female,33
ddominetti4a,Davidson,Dominetti,8121241711,0423 Chinook Center,Male,45
mblumire4b,Margery,Blumire,2728497338,7189 Randy Lane,Female,31
sbilyard4c,Shepherd,Bilyard,6924632573,9 Cottonwood Hill,Male,41
mborzoni4d,Marga,Borzoni,4195819238,2 East Avenue,Female,42
jdadson4e,Jilleen,Dadson,8739132825,16 Lighthouse Bay Lane,Female,42
hwabe4f,Humbert,Wabe,9791113733,98713 Mesta Hill,Male,18
jmeric4g,Juanita,Meric,3253625259,1263 Rigney Way,Female,23
ldorrian4h,Lotte,Dorrian,9938729904,9431 1st Park,Female,45
svenus4i,Spenser,Venus,8783263055,847 Reindahl Court,Male,24
mramlot4j,Modestine,Ramlot,2601202944,36 Barnett Junction,Female,19
mnarramore4k,Margaretta,Narramore,5354956405,57592 Badeau Drive,Female,45
cbargh4l,Christie,Bargh,8316575450,6361 Ronald Regan Court,Male,36
dmatterdace4m,Dido,Matterdace,9126315235,44 Dahle Drive,Female,32
dpimme4n,Dotty,Pimme,7166732699,5356 Schurz Terrace,Female,26
xhowsam4o,Ximenes,Howsam,1816489076,79 Kim Pass,Male,40
cbatch4p,Cobby,Batch,9384469875,444 North Terrace,Male,29
ajacquot4q,Amberly,Jacquot,8714768144,73 Duke Parkway,Female,34
bbensen4r,Burgess,Bensen,5566263162,62306 Eggendart Drive,Male,26
jserver4s,Jonathon,Server,2232422904,36662 Garrison Street,Male,30
dciccottio4t,Debi,Ciccottio,3808440023,4567 Sycamore Point,Female,33
amarikhin4u,Aila,Marikhin,8131015629,26 Summer Ridge Place,Female,21
mskilling4v,Mariejeanne,Skilling,8728238529,73 Meadow Valley Hill,Female,23
fkermon4w,Francklin,Kermon,5644853228,83 Dayton Center,Male,37
ggarrood4x,Garrot,Garrood,8193144169,7394 5th Lane,Male,26
jmenichini4y,Judie,Menichini,4114271409,51227 Macpherson Hill,Female,22
wgrimsdale4z,Wiley,Grimsdale,5449025062,55 Pleasure Hill,Male,38
jgavrielly50,Jasun,Gavrielly,4652432003,00 Fallview Hill,Male,23
amaber51,Abie,Maber,9788200321,579 Trailsway Circle,Male,19
hbrockwell52,Harald,Brockwell,1668411806,41209 Waubesa Hill,Male,24
nbeiderbecke53,Nicolina,Beiderbecke,3678031381,279 Truax Place,Female,44
cbaudone54,Candi,Baudone,2532600496,8 Spenser Drive,Female,32
omathys55,Onofredo,Mathys,6224408762,7 Hoepker Place,Male,27
sterney56,Serene,Terney,3313303244,8382 Lillian Pass,Female,43
dbambury57,Dar,Bambury,3074083418,860 Swallow Court,Male,23
rmarklund58,Rowney,Marklund,1399952898,10521 Maple Wood Junction,Male,39
rclegg59,Rosanne,Clegg,8473258780,99291 Village Center,Female,25
gangel5a,Garv,Angel,6899265065,5 Butterfield Junction,Male,39
csaich5b,Clim,Saich,8203246421,08 High Crossing Alley,Male,38
aoverstone5c,Arron,Overstone,3641201919,0 Carey Center,Male,29
ajemmett5d,Aleece,Jemmett,9906006194,858 Westend Street,Female,27
ieadie5e,Isis,Eadie,8978946351,6175 Lotheville Parkway,Female,26
jgligoraci5f,Jase,Gligoraci,4002570327,41 Iowa Drive,Male,27
mspinelli5g,Marshal,Spinelli,6299988226,327 Laurel Parkway,Male,24
korwin5h,Kessia,Orwin,5599547811,3 Browning Crossing,Female,27
soffen5i,Susy,Offen,1772543846,82 Dahle Lane,Female,31
vkleingrub5j,Vonnie,Kleingrub,8577989099,89 Morning Point,Female,43
acopland5k,Asher,Copland,2225648482,45782 Shopko Road,Male,21
rmidgely5l,Ramon,Midgely,3417799811,4425 Merrick Way,Male,22
nromaynes5m,Nan,Romaynes,2106498652,57 East Street,Female,21
ptrimble5n,Petey,Trimble,7932883361,462 Carey Drive,Male,21
ikerne5o,Ingemar,Kerne,8953564025,860 Del Sol Terrace,Male,45
nriddles5p,Nicoline,Riddles,4154025322,63 Stang Trail,Female,20
tambrosetti5q,Teddie,Ambrosetti,9517610692,114 Ryan Alley,Female,31
egathercoal5r,Edward,Gathercoal,7321639802,694 Farragut Center,Male,28
saskey5s,Shalom,Askey,9038220724,7 Summit Park,Male,19
jhinkes5t,Jeralee,Hinkes,9349143365,1 Scofield Way,Female,32
bbentzen5u,Briano,Bentzen,9088491696,79532 Novick Court,Male,40
bvanelli5v,Brittaney,Vanelli,6084027341,244 Saint Paul Park,Female,37
bmoiser5w,Benjamin,Moiser,5651363706,561 Lerdahl Alley,Male,19
clogue5x,Camila,Logue,1321829810,44035 Mifflin Avenue,Female,41
sappleyard5y,Silvester,Appleyard,5496434003,8650 Merchant Center,Male,18
edefond5z,Eddie,Defond,7122163241,9 Amoth Point,Female,23
btuddall60,Burch,Tuddall,7881199517,209 Cascade Park,Male,40
pyesenev61,Pamelina,Yesenev,8219047496,1 Cascade Pass,Female,26
ldolman62,Leonelle,Dolman,3244004014,8 Stuart Lane,Female,45
gtruitt63,Glendon,Truitt,8568459204,7961 Bultman Street,Male,18
fweatherhogg64,Flint,Weatherhogg,3381787236,32942 Miller Parkway,Male,18
jfounds65,Jeramie,Founds,6687497505,8 Merrick Hill,Male,35
atuminelli66,Abigale,Tuminelli,1131371548,65965 Montana Parkway,Female,35
dwerrilow67,Deeyn,Werrilow,1132119499,64 Corscot Park,Female,29
pmacmenamie68,Pennie,MacMenamie,8964748729,91971 Victoria Junction,Female,40
bhenkens69,Bernarr,Henkens,2718565288,92 Iowa Street,Male,28
fpersicke6a,Fara,Persicke,9724445553,2 Erie Way,Female,40
estonier6b,Emilee,Stonier,7021259457,8 Karstens Road,Female,23
rchatell6c,Ron,Chatell,8764333019,67735 Kim Circle,Male,24
gclutram6d,Gwenette,Clutram,8193693242,8 Schmedeman Street,Female,27
tanderson6e,Terrill,Anderson,9677641691,7986 Saint Paul Avenue,Male,21
edaile6f,Errol,Daile,1016975629,5 Prentice Center,Male,26
vzumfelde6g,Viviana,Zum Felde,3403155342,6 Scott Junction,Female,33
tgergher6h,Tedd,Gergher,6512803012,0063 Hanover Park,Male,24
bfarrey6i,Buddie,Farrey,8671474442,83901 Kim Drive,Male,42
kraittie6j,Kip,Raittie,8181985038,261 Golf Course Terrace,Male,38
hcaughtry6k,Hartwell,Caughtry,6214752703,5799 Eastlawn Alley,Male,32
vcrumb6l,Verena,Crumb,9892866063,1 Merchant Terrace,Female,33
rdomleo6m,Reine,Domleo,8607767096,0117 Calypso Plaza,Female,33
stures6n,Shayne,Tures,3016602345,42946 Toban Point,Female,34
mblunsum6o,Mayer,Blunsum,6555067684,70 Loeprich Hill,Male,19
dbockings6p,Donna,Bockings,4149151202,360 Carioca Alley,Female,21
kstockey6q,Kurtis,Stockey,9741915380,44061 Prentice Hill,Male,41
risgar6r,Randa,Isgar,2593126550,556 Arkansas Hill,Female,38
tcowey6s,Teri,Cowey,9287561041,78 Park Meadow Way,Female,21
jandriveaux6t,Jesselyn,Andriveaux,6425027350,499 Everett Center,Female,23
tcaplin6u,Tresa,Caplin,1786410570,285 Waubesa Road,Female,36
dbox6v,Darice,Box,9563538351,07 Ridgeway Plaza,Female,39
pdreus6w,Penny,Dreus,1238077401,5 Cardinal Park,Male,36
babbet6x,Britt,Abbet,3615028226,572 Emmet Hill,Female,23
mmccrackem6y,Melessa,McCrackem,2894047459,03694 Myrtle Avenue,Female,29
blaterza6z,Brunhilda,Laterza,3883183638,274 Golf Terrace,Female,24
ebowskill70,Eugenius,Bowskill,1484867285,09 Elka Court,Male,32
dwoodyear71,Delly,Woodyear,8249685452,75527 High Crossing Parkway,Female,35
srowden72,Sibeal,Rowden,9297528704,48 Nancy Road,Female,25
plubomirski73,Parrnell,Lubomirski,1293667215,3 Nancy Terrace,Male,23
jodd74,Jacenta,Odd,3509655419,01 Schlimgen Street,Female,38
fwarlow75,Filide,Warlow,6541285735,4 Holmberg Avenue,Female,29
kbrunke76,Kane,Brunke,2775050501,37142 Nancy Road,Male,28
nchoat77,Nada,Choat,3173293559,86473 Bowman Point,Female,27
ebengall78,Eden,Bengall,6878550578,513 Golf Way,Female,25
lmoukes79,Leroy,Moukes,8863787988,9357 Corry Drive,Male,22
fpetracco7a,Frances,Petracco,2131874428,1 Dunning Point,Female,39
gcattanach7b,Gamaliel,Cattanach,2081629665,06682 Moulton Lane,Male,19
pposen7c,Phoebe,Posen,8369301063,484 Russell Terrace,Female,24
jfucher7d,Jone,Fucher,1953294074,6 Summit Avenue,Male,45
nsterrick7e,Nalani,Sterrick,2868364182,2455 Melby Road,Female,29
ghowsley7f,Geri,Howsley,5636642558,660 Maryland Junction,Male,27
ihebditch7g,Ivonne,Hebditch,5985391033,967 Prairie Rose Court,Female,41
zweine7h,Zaccaria,Weine,9543168141,3 Kings Hill,Male,20
kduligal7i,Karl,Duligal,2082711656,4 Jackson Junction,Male,44
carrow7j,Casey,Arrow,4534876726,810 Dahle Place,Female,21
kbreagan7k,Kelvin,Breagan,4212156679,19944 Coleman Drive,Male,42
fgibbs7l,Fifine,Gibbs,5245131414,911 Mayer Parkway,Female,19
jluthwood7m,Jennica,Luthwood,5158979494,11 Bellgrove Court,Female,19
rdavidwitz7n,Rochester,Davidwitz,7811121076,8282 Mallory Hill,Male,31
rsibille7o,Rubin,Sibille,9228246079,5342 Ronald Regan Road,Male,28
lewell7p,Larry,Ewell,6058083070,83840 Brown Road,Male,19
slauxmann7q,Stanfield,Lauxmann,8444524606,8 Fisk Trail,Male,40
lsarath7r,Lek,Sarath,9474266873,955 Packers Trail,Male,42
wgircke7s,Whitney,Gircke,8076769536,3 Sachs Hill,Male,22
gdifrancesco7t,Glad,Di Francesco,2877803764,9598 Kim Place,Female,33
csaywood7u,Celinka,Saywood,5082356916,35507 Waubesa Circle,Female,21
tbrine7v,Tobe,Brine,6916135152,02324 Pearson Street,Female,22
gsidlow7w,Gertie,Sidlow,5705082579,72 Brentwood Crossing,Female,45
faugur7x,Field,Augur,4176442200,96541 Lake View Hill,Male,28
fbendel7y,Fransisco,Bendel,4499838389,3 Oak Center,Male,33
kpeteri7z,Koralle,Peteri,6011392359,768 Sachs Lane,Female,27
cgiberd80,Caspar,Giberd,9153906724,4404 Anderson Lane,Male,20
iwathan81,Irene,Wathan,5789535699,44647 Scoville Drive,Female,19
smcgilbon82,Sorcha,McGilbon,9634585258,4408 Bowman Road,Female,34
dalmond83,Deidre,Almond,9347184845,58983 Fisk Road,Female,40
dluxton84,Devlen,Luxton,9635601262,68153 Badeau Lane,Male,39
ascocroft85,Alyce,Scocroft,2813075706,59 1st Drive,Female,18
aomulderrig86,Abel,O' Mulderrig,2329519412,1909 Sherman Place,Male,38
hhutable87,Hailey,Hutable,9564895000,1712 Kinsman Lane,Male,27
ktalton88,Keary,Talton,5274422982,052 Lakewood Gardens Trail,Male,28
cattlee89,Cherish,Attlee,1946249821,66917 Ridgeway Drive,Female,32
jculross8a,Joshua,Culross,7328443694,56597 Northport Lane,Male,34
swoodyeare8b,Seth,Woodyeare,4293682534,2992 Farragut Pass,Male,25
sellicock8c,Saundra,Ellicock,6776544753,7256 Fuller Court,Male,43
mformoy8d,Maryellen,Formoy,7559284838,25 Nelson Trail,Female,40
blakin8e,Babbette,Lakin,3212202683,436 Arizona Park,Female,38
pfutcher8f,Paulina,Futcher,1941080742,5 Packers Park,Female,34
aspenceley8g,Allsun,Spenceley,6536366690,0 Kingsford Way,Female,21
lmccoughan8h,Lorenzo,Mc Coughan,3217249574,50920 Golden Leaf Drive,Male,22
mianelli8i,Merle,Ianelli,7162054454,45279 Mendota Point,Female,23
lwookey8j,Latashia,Wookey,5502787440,2759 Kenwood Street,Female,36
cstafford8k,Carlos,Stafford,1392527072,876 Chive Plaza,Male,25
crippingall8l,Cammy,Rippingall,4049425543,1052 Bay Way,Male,25
wguidoni8m,Wilfrid,Guidoni,9533298476,9223 Monica Park,Male,27
mmaffetti8n,Moritz,Maffetti,9761018456,44 Schlimgen Avenue,Male,31
bcurteis8o,Bernarr,Curteis,3016136345,009 Sunnyside Avenue,Male,26
ncharnick8p,Nico,Charnick,2182499813,5 Artisan Hill,Male,20
agilbank8q,Agnesse,Gilbank,9734209745,1854 Walton Road,Female,39
vbayley8r,Verne,Bayley,4498927802,8594 Morning Court,Male,37
athormwell8s,Abbi,Thormwell,5152487689,5108 Jackson Alley,Female,19
dempringham8t,Derrek,Empringham,5933120786,4225 Stoughton Trail,Male,29
vmaybery8u,Vivien,Maybery,9589805091,1090 Washington Crossing,Female,21
lnewnham8v,Lucia,Newnham,5707383596,565 Maryland Park,Female,41
bjentet8w,Brigid,Jentet,1439539645,8207 Anhalt Alley,Female,42
kpattle8x,Kacey,Pattle,9614757972,4913 Oriole Point,Female,21
gbirney8y,Garland,Birney,2358446947,5781 Lindbergh Circle,Female,31
cbearsmore8z,Charla,Bearsmore,3214749614,1304 Anthes Lane,Female,19
jfilyashin90,Jimmie,Filyashin,7803077507,23 Oak Valley Plaza,Male,32
troutham91,Tremaine,Routham,7139833203,685 Pine View Circle,Male,40
bhaggett92,Barbi,Haggett,5212683911,146 Rusk Lane,Female,27
csamwayes93,Casar,Samwayes,6873507637,926 Oak Valley Terrace,Male,25
tchudleigh94,Tracie,Chudleigh,5174629170,3 Butternut Plaza,Male,31
crobardley95,Carlene,Robardley,5229516847,43482 Cody Plaza,Female,32
gharby96,Grady,Harby,6836934206,2578 Schlimgen Road,Male,40
rstovin97,Randy,Stovin,6924608698,01 Jenifer Hill,Male,35
bfredy98,Bernita,Fredy,9585685671,675 Melrose Junction,Female,33
cstarkings99,Corette,Starkings,8494629905,07 Monument Street,Female,20
smiddlewick9a,Stephine,Middlewick,5426193574,2 Moland Pass,Female,33
tbandiera9b,Tristam,Bandiera,2468832988,6886 Rutledge Trail,Male,39
etwiddell9c,Elnar,Twiddell,8058463114,4466 Village Terrace,Male,42
ccowdrey9d,Charlotta,Cowdrey,1738440151,7 Onsgard Alley,Female,26
dshine9e,Dolf,Shine,6384393603,71005 Mcbride Road,Male,19
kmackay9f,Karole,MacKay,3711332108,3854 Nova Plaza,Female,23
tgadsdon9g,Tirrell,Gadsdon,8168829861,1408 Kedzie Street,Male,31
sserman9h,Sayer,Serman,5195224710,647 Clemons Avenue,Male,27
mhenniger9i,Minni,Henniger,6054045224,8 Lake View Trail,Female,29
mcommucci9j,Martynne,Commucci,7861792889,20 Algoma Road,Female,42
eskeffington9k,Elenore,Skeffington,7796858001,924 Susan Avenue,Female,20
lmacpharlain9l,Lonni,MacPharlain,4291288224,3607 Sullivan Place,Female,44
aharlock9m,Addie,Harlock,3378752940,305 North Trail,Male,30
cbrockington9n,Chad,Brockington,2417235392,04344 Melvin Terrace,Female,28
lvannar9o,Lurline,Vannar,3049491177,7067 Corben Avenue,Female,29
acarvilla9p,Adams,Carvilla,5997112892,3 Helena Drive,Male,22
kwensley9q,Karyl,Wensley,1918062698,65 Fair Oaks Hill,Female,37
gdossettor9r,Giles,Dossettor,3822569127,70896 Fairfield Trail,Male,22
wchaplin9s,Willa,Chaplin,1111853646,06613 Eagle Crest Way,Female,31
mmcfie9t,Melesa,McFie,9566829739,069 Laurel Hill,Female,34
mwoofendell9u,Matteo,Woofendell,5543128076,07 Prairieview Plaza,Male,42
vfeldmark9v,Vitoria,Feldmark,2635434397,67128 8th Alley,Female,25
bpavlovsky9w,Bessie,Pavlovsky,8478123760,658 Butterfield Parkway,Female,41
pduddin9x,Paddy,Duddin,6411310799,7 Bluejay Parkway,Male,21
agreenshields9y,Averill,Greenshields,3669336208,18688 New Castle Trail,Male,37
bdryden9z,Bordie,Dryden,3391357619,60267 Fairfield Junction,Male,28
mkubiceka0,Marv,Kubicek,8219431115,82508 Lighthouse Bay Circle,Male,45
sklostermana1,Simon,Klosterman,7419321145,3 Esch Plaza,Male,22
vfarmiloea2,Verney,Farmiloe,6563458471,0021 Hazelcrest Way,Male,43
wholywella3,Win,Holywell,2059030992,15412 Starling Crossing,Male,18
mpaffleya4,Modesta,Paffley,6042304186,826 Milwaukee Avenue,Female,35
omcnultya5,Osmond,McNulty,8211961355,640 Swallow Circle,Male,45
thubanda6,Tory,Huband,3479884927,70333 Luster Hill,Female,45
hbasterfielda7,Hersch,Basterfield,9475911683,6 Sunfield Circle,Male,34
bcaddella8,Barty,Caddell,3754535723,96 Rockefeller Crossing,Male,20
zduminia9,Zonnya,Dumini,9428334731,6848 Darwin Street,Female,30
araistonaa,Auguste,Raiston,5366899524,3 Meadow Ridge Lane,Female,40
ggrimesab,Guenna,Grimes,7537462329,224 Macpherson Park,Female,36
lnewbandac,Lev,Newband,1732797578,139 Buell Street,Male,20
mgalpinad,Millicent,Galpin,3724480895,0 Glendale Place,Female,19
lvernhamae,Lani,Vernham,6808853219,8913 Blue Bill Park Circle,Female,28
hbartolacciaf,Harald,Bartolacci,9396235857,5540 Prairieview Plaza,Male,32
cderbyag,Caroljean,Derby,5246797280,1187 Spohn Center,Female,29
tmanionah,Tiffi,Manion,3287070060,8 Hermina Drive,Female,22
wfowkesai,Wilton,Fowkes,2674363756,17256 Kingsford Pass,Male,29
lseamenaj,Lorrin,Seamen,4843419729,9 Goodland Way,Female,35
sbielbyak,Sheff,Bielby,2889057340,4256 Merrick Road,Male,25
fmacneilal,Flori,MacNeil,8308067883,21047 Rutledge Place,Female,39
deadingtonam,Durward,Eadington,5296465053,898 Barnett Drive,Male,31
ltingeyan,Laughton,Tingey,8978728510,09138 Ludington Circle,Male,42
bbarrattao,Baron,Barratt,7448396019,02 Welch Place,Male,36
amityashevap,Andee,Mityashev,7352502167,85046 Acker Alley,Female,39
jdaubneyaq,Jasmine,Daubney,2011622124,2 Raven Lane,Female,44
wbarnicottar,Waylon,Barnicott,5517701370,32 Lakeland Point,Male,24
mmacekas,Morlee,Macek,7123599864,616 Meadow Ridge Plaza,Male,41
kthreadgoldat,Kingsly,Threadgold,3946723862,259 Schiller Lane,Male,26
lclaypooleau,Lilia,Claypoole,9613962182,8768 Village Drive,Female,32
atippettsav,Anthiathia,Tippetts,8138849447,682 Sherman Road,Female,29
kjobeaw,Kira,Jobe,1531333663,4740 Algoma Way,Female,36
ipergensax,Ivy,Pergens,9396570243,295 Shoshone Trail,Female,20
grodday,Gerik,Rodd,2136171562,45 Melody Parkway,Male,44
asalteraz,Arlee,Salter,4014167235,98219 Dottie Park,Female,40
gsuthrenb0,Gaston,Suthren,5241640302,93016 Sheridan Pass,Male,34
dwindowsb1,Dagmar,Windows,7057312154,472 Bartillon Trail,Female,45
gaughtonb2,Georgiana,Aughton,7907545855,82 Manley Trail,Female,42
byeatmanb3,Bald,Yeatman,2729028002,6986 Melvin Parkway,Male,41
crosenwasserb4,Crista,Rosenwasser,9954725627,5155 Oakridge Parkway,Female,22
ldraneb5,Lay,Drane,5873284981,417 Vidon Pass,Male,35
umielnikb6,Uri,Mielnik,8657767479,759 Talmadge Plaza,Male,34
cpevieb7,Charlot,Pevie,8616127761,1514 Garrison Street,Female,38
llangelayb8,Lorettalorna,Langelay,1346185093,529 Pond Park,Female,23
kgrollb9,Klement,Groll,9803932581,8756 Schmedeman Crossing,Male,19
ijosephsenba,Issi,Josephsen,9031720476,9 Bultman Street,Female,41
cfennabb,Cale,Fenna,1301703957,227 Claremont Drive,Male,41
vcapponerbc,Vincenz,Capponer,8531304243,22994 Meadow Ridge Plaza,Male,19
dbroxholmebd,Den,Broxholme,6661562848,258 Forster Terrace,Male,43
icopelandbe,Izabel,Copeland,2582798735,396 Artisan Center,Female,32
hbillettbf,Hadlee,Billett,6682024577,9273 Center Parkway,Male,41
pgammettbg,Prudence,Gammett,6403827865,854 Prairieview Terrace,Female,28
hwakelingbh,Heddi,Wakeling,7861421503,0 Hovde Terrace,Female,35
mnajarabi,Melodie,Najara,8534239253,24 Truax Court,Female,30
jphilippaultbj,Jeni,Philippault,1557608273,38461 Onsgard Lane,Female,23
rtottembk,Rowland,Tottem,9943436375,871 Russell Lane,Male,41
rclitherowbl,Reece,Clitherow,6014768387,6 American Ash Street,Male,25
creddybm,Cliff,Reddy,6777554884,705 Norway Maple Center,Male,31
elockettbn,Ernesto,Lockett,2386890953,16615 Buell Pass,Male,22
cackerybo,Cristian,Ackery,4063433229,33789 Petterle Court,Male,43
hedmeadsbp,Herman,Edmeads,9106213367,5527 Trailsway Point,Male,30
emccaskellbq,Ezequiel,McCaskell,8155985550,8698 Goodland Court,Male,27
rsackeybr,Rollie,Sackey,9354914443,4503 Loeprich Junction,Male,42
goertzenbs,Gretna,Oertzen,6052120558,931 Pleasure Avenue,Female,23
cbrufordbt,Coleman,Bruford,4505616880,0 Farwell Center,Male,37
kkittlesbu,Kathe,Kittles,5079230776,10031 Sullivan Center,Female,28
hockleshawbv,Herta,Ockleshaw,6806755446,238 Portage Crossing,Female,36
bmorefieldbw,Bianka,Morefield,8434959058,97 Hallows Hill,Female,45
rbrabonbx,Rodney,Brabon,9632016254,39 Summerview Place,Male,25
smaletrattby,Shelby,Maletratt,6349918819,37696 Portage Circle,Male,35
ahowerdbz,Artur,Howerd,9677401489,6777 Monterey Court,Male,25
nbloyesc0,Nahum,Bloyes,2314129343,07230 Lyons Circle,Male,34
ejoslync1,Enid,Joslyn,1005557058,30072 Sundown Circle,Female,44
bgarthc2,Beatrix,Garth,8645135321,7 Pennsylvania Parkway,Female,37
hpervoec3,Hilton,Pervoe,5492674617,7997 Susan Street,Male,20
adobererc4,Andros,Doberer,3263689669,1375 Glacier Hill Drive,Male,29
dtyrwhittc5,Dolli,Tyrwhitt,6438891501,1167 Grover Plaza,Female,42
tsuthworthc6,Tann,Suthworth,3128763089,41 Judy Lane,Male,41
mwildingc7,Marshal,Wilding,8273091870,95293 Burrows Lane,Male,33
ilittlerc8,Ivette,Littler,5413220346,030 Huxley Avenue,Female,35
whellingsc9,Winnah,Hellings,6848785671,98 La Follette Drive,Female,21
bneylonca,Bondy,Neylon,2558575404,29354 Lillian Circle,Male,20
scossellcb,Sarene,Cossell,1211321077,97123 North Drive,Female,45
njentetcc,Nancee,Jentet,7842451769,77886 Oakridge Alley,Female,44
bdalgetycd,Benjamin,Dalgety,6181472698,04 Spenser Crossing,Male,41
mcornillce,Meade,Cornill,8866026048,8758 Muir Plaza,Male,43
bluffcf,Brigit,Luff,1198086405,547 Dahle Court,Female,29
jbenadettecg,Johny,Benadette,6846261935,530 Morning Alley,Male,19
darnowiczch,Dacey,Arnowicz,3146433666,1 Helena Trail,Female,23
grustichci,Garland,Rustich,9801338230,29 Petterle Street,Female,20
cbartunekcj,Cirillo,Bartunek,2836557053,8850 Beilfuss Place,Male,20
bdaniellotck,Barde,Daniellot,1814930164,68864 Jenifer Hill,Male,43
kwrightimcl,Kristoforo,Wrightim,9584256237,91 Banding Drive,Male,18
dcrunkhurncm,Doloritas,Crunkhurn,4074750382,8 Roth Crossing,Female,33
ggheeorghiecn,Geri,Gheeorghie,2452257613,18723 Londonderry Park,Male,25
olecornuco,Oswald,Le Cornu,9278001159,6404 Del Mar Way,Male,41
ocatercp,Orren,Cater,3495014482,189 Dottie Avenue,Male,23
fjordinecq,Frederich,Jordine,1944350382,674 Westport Court,Male,34
pmalonecr,Pollyanna,Malone,8231722545,4459 Troy Pass,Female,34
jyesinovcs,Jules,Yesinov,5826674523,66549 Rieder Plaza,Male,36
sartisct,Sidney,Artis,2909611191,8 Ridgeview Way,Male,36
ksichacu,Kenyon,Sicha,1349150067,2794 Bunting Trail,Male,29
scalkincv,Shel,Calkin,6598417684,103 Corry Hill,Female,35
htullethcw,Halli,Tulleth,2975137803,2237 Little Fleur Circle,Female,39
pcanacx,Phelia,Cana,7689448344,6108 Monica Street,Female,45
gwinstonecy,Gayelord,Winstone,7175528500,145 Blue Bill Park Trail,Male,21
mfitzsymoncz,Maurizio,Fitzsymon,5025608937,33 Armistice Trail,Male,40
sklassd0,Silvia,Klass,8485161240,80296 Pleasure Park,Female,28
gcastellettod1,Georgena,Castelletto,2228274076,4 Texas Avenue,Female,40
ghalland2,Gerrie,Hallan,8281294864,64585 Monterey Trail,Male,44
zmcterrellyd3,Zacharie,McTerrelly,6542271945,37 Vermont Drive,Male,23
bpod4,Bethany,Po,2358749898,15 Grayhawk Park,Female,22
toakenfordd5,Teodoor,Oakenford,3073657563,22310 Ronald Regan Park,Male,31
jboardsd6,Joachim,Boards,6204894707,68264 Cherokee Plaza,Male,36
jcovingtond7,Jeff,Covington,8925641109,1157 Talmadge Court,Male,32
fgraceyd8,Foster,Gracey,2636535357,15 Oriole Trail,Male,27
abantockd9,Amandie,Bantock,9855758909,243 Trailsway Crossing,Female,34
sstrobanda,Sissie,Stroban,6983622610,25111 Bobwhite Junction,Female,41
foloshkindb,Fayth,Oloshkin,2332308122,59502 La Follette Crossing,Female,37
cesparzadc,Cody,Esparza,2995780894,15 Golf Park,Male,28
mstockforddd,Minny,Stockford,2147370925,30 Jana Street,Female,41
kspurgede,Kirsten,Spurge,4564889745,3 Holy Cross Hill,Female,22
cstintondf,Chancey,Stinton,7019456679,7743 Monument Plaza,Male,41
dnovikdg,Denver,Novik,7041990718,26980 Bartelt Place,Male,21
gmegroffdh,Geraldine,Megroff,5329285552,5 Sutherland Lane,Female,43
ddudderidgedi,Doralin,Dudderidge,5732643931,8 Artisan Junction,Female,22
apanksdj,Aveline,Panks,2094654592,4721 Drewry Avenue,Female,41
vseckingtondk,Vi,Seckington,6617703565,067 Michigan Crossing,Female,31
abartosdl,Antonetta,Bartos,7736667350,732 Sachtjen Terrace,Female,38
caustickdm,Curtice,Austick,2784907264,1345 Talmadge Crossing,Male,26
rhamlydn,Raphael,Hamly,5091034908,1 Johnson Road,Male,29
smcgeaghdo,Shem,McGeagh,3174554586,88 Forest Dale Street,Male,28
jtoselanddp,Jaine,Toseland,1117414746,3 Swallow Hill,Female,29
mivashindq,Mella,Ivashin,6919310624,352 La Follette Park,Female,40
jcavaneydr,Jan,Cavaney,9246383417,1152 Del Mar Hill,Female,44
mmellingsds,Montgomery,Mellings,4779520922,2 Crowley Drive,Male,41
iwiltshierdt,Isidro,Wiltshier,7164630704,10650 Lien Avenue,Male,40
gholdworthdu,Gennifer,Holdworth,7634049781,9 Glacier Hill Junction,Female,34
fsalladv,Fiorenze,Salla,5628153364,40 Chive Point,Female,41
byessondw,Bayard,Yesson,3803199440,63 Melvin Crossing,Male,36
cbirtleydx,Christine,Birtley,7778513085,98521 Huxley Drive,Female,31
htyronedy,Hanson,Tyrone,5434147961,0 Mesta Circle,Male,19
pwinsiowieckidz,Paloma,Winsiowiecki,7557656771,2725 Arkansas Place,Female,41
amorine0,Amelie,Morin,6067915298,41 Florence Park,Female,34
bdreelane1,Barry,Dreelan,2372439595,9 Nevada Alley,Male,25
rmcgarveye2,Reeva,McGarvey,7803884201,6 Grim Alley,Female,42
ccottome3,Colan,Cottom,5591547009,273 Ridgeway Point,Male,34
tluthere4,Torin,Luther,4592017016,3 Summerview Crossing,Male,36
gwestpfele5,Gayler,Westpfel,6484391114,56137 Jay Trail,Male,29
twhinraye6,Trumann,Whinray,7924838088,28690 Dapin Crossing,Male,36
hgriffithee7,Hendrik,Griffithe,2901157826,62499 Glacier Hill Way,Male,28
tcuniame8,Theobald,Cuniam,8844405316,14353 Waxwing Junction,Male,45
emarsye9,Emmie,Marsy,3774939626,298 Gerald Park,Female,25
cboysonea,Cammi,Boyson,6161131614,1 Grasskamp Place,Female,27
lbowlandseb,Langsdon,Bowlands,6747645298,50450 Upham Hill,Male,43
rhorribineec,Rolf,Horribine,7547557640,60 Westport Plaza,Male,28
gcrottyed,Gran,Crotty,4669126787,29 Utah Center,Male,27
igresteee,Idalia,Greste,8666508830,152 Jana Hill,Female,42
gheimesef,Gordy,Heimes,1467888406,75 Truax Court,Male,44
wruoffeg,Wendie,Ruoff,7695750357,16 Moose Lane,Female,32
snewingeh,Suzi,Newing,8838030847,6 Starling Trail,Female,45
ghastwellei,Gail,Hastwell,2621032864,99824 Dwight Circle,Female,35
esurgenorej,Emmaline,Surgenor,6374948585,0 Northview Place,Female,37
lmacavddyek,Leeland,MacAvddy,9308606065,742 Summer Ridge Road,Male,22
skabosel,Shandeigh,Kabos,8974587466,07042 Holmberg Road,Female,23
jdohmerem,Jone,Dohmer,7422029911,67194 Bartillon Drive,Male,34
kpoyntonen,Krissy,Poynton,6597398653,95 Sachtjen Park,Female,45
clabateo,Culley,Labat,3952450331,94 Pankratz Center,Male,20
mtreffreyep,Meris,Treffrey,1037304643,71 Spohn Alley,Female,26
ibodessoneq,Ike,Bodesson,3116757057,50715 Esch Hill,Male,36
eplimmerer,Ennis,Plimmer,9827924324,3896 Montana Point,Male,37
bpetryes,Bo,Petry,3776234983,7 Manitowish Pass,Male,34
dhimsworthet,Devin,Himsworth,8169201114,23 Sauthoff Junction,Female,44
nallsupeu,Nonnah,Allsup,3127663878,90 Katie Trail,Female,29
hdinjesev,Henrietta,Dinjes,8833156300,69883 Graceland Drive,Female,43
slippiniew,Sutherland,Lippini,8958400456,22 Manitowish Pass,Male,19
charkenex,Callean,Harken,8879807222,83834 Mariners Cove Point,Male,44
bmanclarkey,Bryan,Manclark,8218078131,1 Oxford Avenue,Male,36
bsmythez,Berget,Smyth,5691365705,7 Manley Crossing,Female,40
dharlandf0,Deny,Harland,9922295439,67937 1st Pass,Female,34
fturneauxf1,Flynn,Turneaux,1705723275,85 Bashford Alley,Male,21
tthiemef2,Tera,Thieme,8015557373,67 Linden Pass,Female,31
tleportf3,Tresa,Leport,3896703819,844 Emmet Place,Female,28
gnaisbittf4,Grazia,Naisbitt,1434009473,79970 Sunnyside Avenue,Female,34
agapperf5,Artus,Gapper,5611766575,8 Novick Center,Male,21
adwellyf6,Adrien,Dwelly,2374799607,22084 Clyde Gallagher Way,Male,21
askipworthf7,Addia,Skipworth,5529236682,99 Havey Circle,Female,32
kbilbyf8,Kain,Bilby,8333541328,3 Anniversary Place,Male,24
fslingerf9,Fay,Slinger,1541222497,733 Ridgeway Trail,Female,32
mtousyfa,Marwin,Tousy,6728225226,6 Shelley Parkway,Male,31
rattriefb,Riley,Attrie,2062110548,75 Kings Terrace,Male,19
mcrumlyfc,Morse,Crumly,6267027968,9683 Roxbury Point,Male,33
nkordafd,Nicola,Korda,3835837523,09 Sutteridge Center,Male,24
gologhlenfe,Gannie,O'Loghlen,8638972041,7 Sutherland Plaza,Male,41
cmanthorpeff,Chrysa,Manthorpe,8011257820,7163 Harper Parkway,Female,32
alimpennyfg,Ambrose,Limpenny,9034310768,23 Monument Parkway,Male,41
vrodriguesfh,Vale,Rodrigues,3805876522,76 Talmadge Center,Male,35
ohemmingwayfi,Othilia,Hemmingway,7645520466,61312 Kinsman Court,Female,35
nbusbyfj,Norri,Busby,3851376771,649 Bunting Junction,Female,18
nborerfk,Nilson,Borer,5021411762,9869 Chinook Crossing,Male,28
bflageulfl,Bartholomeus,Flageul,5308194631,31075 Toban Alley,Male,45
agreedierfm,Adele,Greedier,7287008796,2 Hallows Circle,Female,27
fdaglishfn,Franni,Daglish,3149699743,6 Dayton Circle,Female,33
ckubelkafo,Clem,Kubelka,2413117649,920 Corry Drive,Female,43
clevingfp,Chance,Leving,7458772720,571 Kipling Point,Male,42
imuspratfq,Ingrim,Musprat,7069177286,28674 Nelson Parkway,Male,38
hlemeryfr,Hettie,Lemery,9174013461,475 Burrows Drive,Female,34
bbadrockfs,Burr,Badrock,5249684837,94616 Melvin Pass,Male,36
mcraddyft,Meredithe,Craddy,5184603667,2329 Algoma Road,Female,45
aodcroftfu,Adrianna,Odcroft,7855604882,1 Bonner Plaza,Female,39
tbaikefv,Teddi,Baike,3368668026,0944 Buell Circle,Female,20
bforsterfw,Benetta,Forster,7425027817,3 Warbler Junction,Female,43
zfordhamfx,Zane,Fordham,2938697187,00023 Briar Crest Crossing,Male,24
tpadillofy,Tarah,Padillo,4204833723,8532 Monica Way,Female,35
glocalfz,Gerald,Local,4568490136,0237 Eastlawn Circle,Male,45
cfigguresg0,Colly,Figgures,7863277926,60 West Pass,Female,36
pdodsworthg1,Prue,Dodsworth,1514496952,050 Continental Way,Female,39
lhullg2,Lynnet,Hull,3062333554,725 4th Hill,Female,27
etennockg3,Enrica,Tennock,7094116760,6481 Loeprich Lane,Female,45
mdelorenzog4,Marsha,De Lorenzo,3446520661,33 Vermont Circle,Female,19
tkennettg5,Theodore,Kennett,8912592122,17 Sachs Street,Male,39
cpiscopiellog6,Charleen,Piscopiello,6491857305,221 Stone Corner Circle,Female,21
lcanterag7,Lazare,Cantera,8456088732,6 Scofield Avenue,Male,34
efoulserg8,Elias,Foulser,4167686049,03 Loeprich Center,Male,31
knewboldg9,Klarika,Newbold,2731559046,76949 Utah Junction,Female,35
achsteneyga,Archaimbaud,Chsteney,2166662564,40452 Holy Cross Crossing,Male,26
ccleverlygb,Curran,Cleverly,9164181749,69048 Texas Trail,Male,28
psatchelgc,Phyllys,Satchel,8765962068,6 Jenna Drive,Female,43
jasplandgd,Jarib,Aspland,4326919701,46795 Brentwood Street,Male,21
sturbefieldge,Stephie,Turbefield,2151737332,36601 Brentwood Court,Female,33
dstillwellgf,Dodi,Stillwell,2264498307,71 Schiller Point,Female,29
aquickendengg,Almeda,Quickenden,2619070434,183 Beilfuss Terrace,Female,22
nharwoodgh,Neysa,Harwood,5559668844,14 6th Street,Female,22
tdoerrlinggi,Titos,Doerrling,5105643246,50 Carpenter Alley,Male,31
foharegj,Forest,O'Hare,6353359632,452 Quincy Alley,Male,34
lbenoigk,Leoine,Benoi,5474586620,7 Bartelt Junction,Female,42
gbynggl,Gabriella,Byng,1626779227,8309 Warner Junction,Female,19
ldesimonigm,Loraine,De Simoni,9957663566,99 Hooker Center,Female,21
mpittsgn,Morganne,Pitts,5133243795,3 Sycamore Park,Female,26
rcasewellgo,Riordan,Casewell,4266886987,35 Karstens Avenue,Male,37
mduchesnegp,Marmaduke,Duchesne,7461147311,932 Dixon Drive,Male,25
joluneygq,Johnathon,O'Luney,3856821420,1417 Bartelt Street,Male,38
kbrandsgr,Katine,Brands,5237346124,2 Green Parkway,Female,34
mgosdings,Mabel,Gosdin,5504047150,46 Fordem Center,Female,44
jgeocklegt,Jacki,Geockle,9389718009,8 Pine View Road,Female,31
ajenkengu,Aloisia,Jenken,5756757450,67517 Meadow Ridge Drive,Female,30
cstilliardgv,Carl,Stilliard,7682960123,70 Northfield Point,Male,34
dobingtongw,Duffy,Obington,2003035735,1280 Victoria Pass,Male,22
jpasleygx,Jacobo,Pasley,2714107161,1651 Anderson Junction,Male,41
cgonzalogy,Cobby,Gonzalo,7761794814,1 Red Cloud Road,Male,27
mchampneysgz,Mill,Champneys,8992640809,285 Tony Trail,Male,42
nmcturleyh0,Neal,McTurley,6325748283,14 Grover Parkway,Male,25
jpasqueh1,Joey,Pasque,1685883768,70680 South Road,Male,24
ojanush2,Otho,Janus,7998100019,6244 Fremont Parkway,Male,29
kpegramh3,Kory,Pegram,5657844386,39936 Claremont Terrace,Male,45
jfordhamh4,Jeanna,Fordham,4181523306,41088 Goodland Road,Female,21
aeyeingtonh5,Archaimbaud,Eyeington,1992455471,49 John Wall Lane,Male,31
wheigoldh6,Wallis,Heigold,8431762941,2799 Butternut Lane,Female,45
rqualtroughh7,Richie,Qualtrough,3921760317,15 Kennedy Pass,Male,42
gheathfieldh8,Godfrey,Heathfield,7923039775,339 Oriole Avenue,Male,24
wbittanyh9,Willabella,Bittany,2282474310,068 Golf Way,Female,31
mbellamyha,Martino,Bellamy,3593807295,73472 Forest Run Lane,Male,28
naiskovitchhb,Nonie,Aiskovitch,3621649562,542 Blue Bill Park Point,Female,42
kgovehc,Korella,Gove,3689536477,98 Summer Ridge Alley,Female,43
mtzarhd,Missy,Tzar,1185538421,3151 Alpine Lane,Female,19
lkorfmannhe,Lynett,Korfmann,3041933033,15 Fuller Pass,Female,38
pflandershf,Phyllida,Flanders,2688388287,0887 Oxford Street,Female,25
ayitzoviczhg,Andree,Yitzovicz,5985923162,31423 Eastwood Junction,Female,19
bhargeriehh,Brion,Hargerie,4122699756,41 Gale Terrace,Male,27
jclemeshi,Jemimah,Clemes,5035760356,1685 Evergreen Alley,Female,24
hworvillhj,Hadrian,Worvill,8003933777,1 Kropf Pass,Male,27
orosenwaldhk,Ola,Rosenwald,6256600736,1306 Elmside Hill,Female,34
bguillonhl,Banky,Guillon,4142938618,0113 Lakewood Lane,Male,22
challawayshm,Chick,Hallaways,3669624947,939 Sachtjen Alley,Male,42
skumarhn,Sibella,Kumar,4595875529,66210 Tony Drive,Female,41
dshortlandho,Donny,Shortland,9022853184,92860 Pennsylvania Road,Male,33
dkinnachhp,Dorey,Kinnach,7232088567,4 Tennyson Junction,Female,18
awychardhq,Arron,Wychard,7677644033,1 Bunting Circle,Male,40
gdictehr,Guinna,Dicte,6202321908,3 Marquette Pass,Female,41
jdaffeyhs,Jamaal,Daffey,5839915113,4084 Northwestern Drive,Male,34
itillsht,Isadora,Tills,7008733879,60077 Trailsway Way,Female,39
wwarrenderhu,Woody,Warrender,8367033184,693 Summit Court,Male,43
cdorricotthv,Conchita,Dorricott,5343405372,9314 Westend Lane,Female,43
lturbillhw,Loella,Turbill,1923044168,083 Aberg Court,Female,30
nianittihx,Neil,Ianitti,7552007595,04 Bonner Plaza,Male,19
odubbinhy,Orsa,Dubbin,1936005985,0915 Florence Way,Female,37
fblankauhz,Frederico,Blankau,8437474314,73781 Cottonwood Circle,Male,29
rfearei0,Rouvin,Feare,4092959872,39 Anthes Center,Male,30
hspurdensi1,Harlene,Spurdens,4399067741,0716 Kenwood Place,Female,26
ageraudyi2,Ario,Geraudy,9368882377,848 Hoffman Hill,Male,35
wyakubovi3,Willyt,Yakubov,6895333009,396 Continental Lane,Female,27
vcarlingi4,Vilma,Carling,8498768046,1435 Cherokee Drive,Female,21
rfancutti5,Ronnie,Fancutt,6045956526,10267 Golf Park,Male,26
kmiddlei6,Kamilah,Middle,3258922300,72 Green Ridge Terrace,Female,25
spignei7,Silvano,Pigne,1204781582,8 Melody Terrace,Male,37
cnatoni8,Claudette,Naton,1741912255,5 Gale Place,Female,40
mrouzeti9,Mufi,Rouzet,6205651248,780 Coolidge Circle,Female,33
lniesingia,Leisha,Niesing,6951438439,95 Northview Pass,Female,38
pmcskinib,Paule,McSkin,8757745953,1259 Cherokee Circle,Female,19
ecurnuckeic,Elia,Curnucke,7602358192,784 Homewood Terrace,Male,19
akhomichid,Augustin,Khomich,6209169078,5 5th Avenue,Male,20
ddebruijnie,Drew,De Bruijn,8434593048,678 Linden Road,Male,24
ldracheif,Lynsey,Drache,2657940346,7 Ridge Oak Way,Female,25
wbreaig,Walther,Brea,6295603275,5288 Pepper Wood Junction,Male,24
wbeynknih,Willow,Beynkn,4257262228,5785 Steensland Court,Female,33
lmanaghii,Lilly,Managh,6412296548,17280 Norway Maple Street,Female,35
dmitchenerij,Dulce,Mitchener,6771610450,83 Karstens Terrace,Female,39
dboundsik,Darcey,Bounds,9455379654,384 Victoria Park,Female,38
egurdonil,Eloise,Gurdon,8692133931,0208 Northfield Circle,Female,28
bveldstraim,Berna,Veldstra,8175432613,1 Garrison Parkway,Female,42
mceciin,Mikkel,Ceci,4408639397,144 Elgar Lane,Male,23
bzellmerio,Branden,Zellmer,3523470504,02 Lawn Center,Male,26
gganifordip,Grace,Ganiford,9835992738,99 Crownhardt Avenue,Female,25
fgerrietziq,Fae,Gerrietz,3994703571,998 Kedzie Street,Female,29
tmcdonnellir,Tansy,McDonnell,7107222548,843 Armistice Alley,Female,20
ebrownscombeis,Edyth,Brownscombe,5325564576,95545 Sugar Alley,Female,26
mevelynit,Morgan,Evelyn,5297908603,23498 Tennessee Lane,Male,45
eshaplandiu,Emilio,Shapland,3544273905,9239 Transport Crossing,Male,26
brandersoniv,Brittni,Randerson,6613047801,74 Lukken Point,Female,38
gattestoneiw,Giustina,Atte-Stone,4587290235,01 Aberg Lane,Female,18
bknudsenix,Bernardina,Knudsen,2514254648,9 Hauk Hill,Female,23
tbrongeriy,Tally,Bronger,7137286273,8197 Walton Pass,Female,33
tzmitrukiz,Templeton,Zmitruk,2883593471,97 Cardinal Point,Male,36
mbritziusj0,Micheal,Britzius,8209493743,96341 Hagan Court,Male,32
jsawartj1,Jayme,Sawart,8846509123,096 Pond Street,Female,35
rbenettoloj2,Rivkah,Benettolo,6507947744,993 Bartillon Way,Female,29
shardypigginj3,Suki,Hardy-Piggin,6376023854,309 Monica Terrace,Female,30
todbyj4,Travis,Odby,7792694725,20 North Parkway,Male,37
rgilloolyj5,Robinson,Gillooly,5532767604,0 International Circle,Male,25
glachaizej6,Goraud,Lachaize,7978203048,0 Spohn Parkway,Male,21
rhustonj7,Rosaleen,Huston,5102784651,969 Milwaukee Parkway,Female,40
aharraldj8,Alexi,Harrald,7414554337,7610 Orin Hill,Female,19
mwhissonj9,Matthew,Whisson,3984745517,7 Aberg Trail,Male,32
dshaxbyja,Dillie,Shaxby,4102776058,9867 Stuart Court,Male,42
bjakobssenjb,Brenn,Jakobssen,7665757722,5 Shelley Terrace,Female,34
hkrzyzaniakjc,Harlin,Krzyzaniak,3799999648,098 Laurel Center,Male,35
phakenjd,Patric,Haken,7378453206,352 Aberg Place,Male,43
dkohtlerje,Daphna,Kohtler,4888961758,1988 Roth Parkway,Female,24
nklostermanjf,Natale,Klosterman,1348329255,0014 Ramsey Point,Male,29
hrobbinsjg,Hettie,Robbins,9995507486,1900 Meadow Vale Plaza,Female,29
tlooksjh,Timoteo,Looks,8894966579,00 Sheridan Road,Male,20
rcrowcombeji,Richmound,Crowcombe,2659214566,26 Forest Run Pass,Male,40
dmeiningerjj,Daryl,Meininger,7228298639,2434 Sycamore Park,Male,24
nberzenjk,Nelie,Berzen,1866281302,83723 Waywood Place,Female,33
iknealejl,Israel,Kneale,4962984184,2368 Buell Court,Male,24
rfilanjm,Reece,Filan,5482301214,3212 Hoffman Plaza,Male,27
einsworthjn,Emanuel,Insworth,6223413516,486 Rigney Trail,Male,33
jsleenyjo,James,Sleeny,4732113536,55 Jana Street,Male,23
mregusjp,Mohammed,Regus,7881509484,7019 Valley Edge Junction,Male,20
mgovierjq,Merrile,Govier,5535831686,96 Lyons Crossing,Female,33
ovarvelljr,Oliviero,Varvell,3083264005,4 Katie Lane,Male,45
gmcallisterjs,Gail,McAllister,3101268996,190 Gale Alley,Male,42
ndunmuirjt,Noella,Dunmuir,2113735095,012 Anzinger Center,Female,43
csedwickju,Curr,Sedwick,8394961160,2567 Ilene Park,Male,33
beggertonjv,Bari,Eggerton,6251132818,363 Valley Edge Trail,Female,43
clonglandjw,Cacilie,Longland,5453486674,57 Onsgard Circle,Female,44
mdawtonjx,Meg,Dawton,8911299798,737 Mcguire Place,Female,40
wolesenjy,Waly,Olesen,8467665867,02078 Dennis Way,Female,18
fmcaughtriejz,Fonz,McAughtrie,7147004900,2761 Arizona Hill,Male,33
hdealyk0,Hoebart,Dealy,4657573423,97 Milwaukee Road,Male,24
dlamondk1,Damian,Lamond,4569430083,36 Lerdahl Alley,Male,38
cwoodfieldk2,Catie,Woodfield,5081728424,929 Montana Way,Female,24
mferrandezk3,Minerva,Ferrandez,1003563980,50387 Sullivan Way,Female,40
kmushartk4,Kynthia,Mushart,8818077549,28128 Declaration Court,Female,45
egrowcottk5,Etheline,Growcott,5109528199,485 Holy Cross Avenue,Female,35
mivakhink6,Manolo,Ivakhin,3812808618,184 Jay Park,Male,23
ljeffk7,Lora,Jeff,1403516290,9 Ridgeview Street,Female,40
ggrandk8,Grant,Grand,6159235872,8005 Transport Junction,Male,19
tculletonk9,Terrence,Culleton,2637368642,12417 Shoshone Plaza,Male,35
vquarryka,Vonnie,Quarry,5346540358,11 Graedel Avenue,Female,42
jolenikovkb,Jeremy,Olenikov,2783511670,20 Knutson Crossing,Male,20
atapnerkc,Ashton,Tapner,8918796647,579 Dryden Circle,Male,40
vsiebertkd,Virgie,Siebert,5558424880,4 Myrtle Avenue,Female,39
hbeetke,Harvey,Beet,8028821043,365 Bashford Pass,Male,38
efriekf,Emmie,Frie,1466028766,346 Bartillon Center,Female,34
wwoffindenkg,Wald,Woffinden,6256503148,95 Judy Court,Male,37
hmainlandkh,Hallsy,Mainland,4596103680,67905 Bunting Junction,Male,32
cmyrieki,Chaddy,Myrie,7632372446,4 Roth Park,Male,42
hdahlkj,Hewett,Dahl,9436782403,1 Elmside Place,Male,24
aciceronekk,Auberta,Cicerone,2874123471,01704 Monument Court,Female,35
zmaitlandkl,Zeke,Maitland,3104757161,30021 Oak Valley Parkway,Male,19
ktimlettkm,Katerine,Timlett,9789074012,4 Harbort Drive,Female,41
koxleekn,Keith,Oxlee,9094449082,5 Westerfield Road,Male,21
cbarneyko,Cassey,Barney,5819969888,910 Heath Way,Female,35
gferreirakp,Gwendolen,Ferreira,3591940714,27 Spohn Way,Female,39
sranyardkq,Simonne,Ranyard,2619871715,39 Dapin Center,Female,28
wgiuronkr,Wally,Giuron,3754063983,75430 1st Pass,Male,23
kgavozziks,Kent,Gavozzi,8704561047,8195 David Trail,Male,21
umattityahoukt,Urbanus,Mattityahou,6125023557,6934 Raven Junction,Male,19
cspatigku,Cristal,Spatig,2504709230,7219 Carey Plaza,Female,34
bmcdowellkv,Bev,McDowell,7708372388,472 Union Point,Male,44
cferreokw,Ciel,Ferreo,3707369927,4 Beilfuss Drive,Female,24
wwymerkx,Wayne,Wymer,3451694621,07999 Bunting Way,Male,32
fhammellky,Flem,Hammell,9816342856,9294 Upham Avenue,Male,30
akordaskz,Angela,Kordas,3681566674,996 Grim Place,Female,43
kconsidinel0,Kial,Considine,3238601596,18 Pankratz Plaza,Female,19
jlabuschagnel1,Jarib,Labuschagne,4181753446,525 Karstens Circle,Male,20
tculshawl2,Trefor,Culshaw,6566616302,785 Hazelcrest Parkway,Male,20
lchaulkl3,Laurie,Chaulk,4176285726,14317 Eastwood Drive,Female,29
oprahml4,Orland,Prahm,3119565311,184 Chive Point,Male,26
hpolakl5,Herrick,Polak,7276928971,9 Dwight Parkway,Male,40
ldillintonel6,Leoline,Dillintone,9119751243,70905 Shopko Park,Female,29
ldufferl7,Linzy,Duffer,8841684800,7671 Northland Place,Female,26
gballefantl8,Gustav,Ballefant,1121224673,924 Hauk Lane,Male,44
tflavertyl9,Tilda,Flaverty,3044580222,842 Carey Way,Female,44
lklugela,Lek,Kluge,1078762076,319 Donald Drive,Male,20
tbeterisslb,Tedi,Beteriss,8499999911,01461 Prairie Rose Terrace,Female,32
lcuncarrlc,Leone,Cuncarr,9307508813,88603 Bonner Trail,Female,38
lbyforthld,Luce,Byforth,3817444273,94569 Mendota Plaza,Female,37
cmcgaugheyle,Connie,McGaughey,2318921237,9248 Jackson Way,Male,25
gcristoferilf,Gran,Cristoferi,2128445714,87494 Lawn Trail,Male,25
kstratzlg,Kimmy,Stratz,4832603405,5777 Twin Pines Center,Female,28
hbeneslh,Harrietta,Benes,4233849532,3811 Aberg Drive,Female,40
wchasterli,Wolfgang,Chaster,7777815684,89 Monument Plaza,Male,21
kspawforthlj,Korey,Spawforth,6298802851,5 Memorial Lane,Male,43
jcalowlk,Jodie,Calow,7643696843,0 Debra Trail,Male,35
raberkirdoll,Rollins,Aberkirdo,8539940252,3 Anderson Pass,Male,45
wskacellm,Wolf,Skacel,5161055143,695 Lighthouse Bay Road,Male,33
mlampertln,Melamie,Lampert,2593123739,1770 Riverside Lane,Female,22
umcfalllo,Ursa,McFall,7062774434,39166 5th Crossing,Female,18
tpadricklp,Tasia,Padrick,2752479914,480 Springs Plaza,Female,25
hchagglq,Horten,Chagg,6978176735,2395 Melvin Pass,Male,37
gjarvillelr,Gail,Jarville,1788848984,3200 Oxford Pass,Male,23
iferrierels,Iolande,Ferriere,6757219150,83 Namekagon Trail,Female,18
lmagorlt,L;urette,Magor,6825853720,303 Fairview Center,Female,36
fchristerlu,Franky,Christer,8778003083,7 Schurz Court,Male,28
lirvinglv,Leonie,Irving,7865074612,5302 Dorton Court,Female,35
nmeeslw,Nissy,Mees,1774928582,34 Clove Center,Female,39
htomainolx,Haskel,Tomaino,6596802207,4 American Center,Male,29
jkirbyly,Jammal,Kirby,7233166575,0 Westridge Park,Male,25
aurlinglz,Aluin,Urling,7296819338,5 Beilfuss Drive,Male,36
gandraudm0,Gothart,Andraud,6706093211,651 Prairieview Pass,Male,37
sohernm1,Sashenka,O'Hern,8855249015,68353 Johnson Center,Female,26
egatehousem2,Elvin,Gatehouse,5042194173,34988 Sage Trail,Male,44
mjusthamm3,Mendie,Justham,4294974267,1 Hoepker Alley,Male,40
aranglem4,Ashlee,Rangle,8046038425,2 Golf View Pass,Female,33
evobesm5,Ezra,Vobes,1226337062,6 Kim Place,Male,40
tdelythm6,Tymon,Delyth,1418162197,8621 Jay Point,Male,25
jpencostm7,Jeannie,Pencost,9628597125,5907 Graedel Lane,Female,31
alukem8,Abby,Luke,6098764074,322 Barnett Plaza,Male,45
cgrandm9,Carce,Grand,5936886325,613 6th Hill,Male,37
apurvisma,Agustin,Purvis,9408471224,797 Stone Corner Junction,Male,34
bbeaumentmb,Biddy,Beaument,8531204188,8 Sachtjen Terrace,Female,41
whalworthmc,Wolfy,Halworth,7309123011,7428 Tennyson Center,Male,43
egetchmd,Ernesto,Getch,3024581967,09 Butterfield Junction,Male,19
dheadleyme,Dana,Headley,1337268795,933 Jana Plaza,Male,26
rstapellsmf,Rici,Stapells,3802350958,0475 Debs Junction,Female,37
sboijmg,Siana,Boij,3114959303,0 Kinsman Way,Female,20
rronaldsonmh,Rosemonde,Ronaldson,1789367219,79 Roxbury Trail,Female,31
nemanuellimi,Nona,Emanuelli,8658224049,16 Mosinee Terrace,Female,20
clissettmj,Corty,Lissett,8561620893,764 Kropf Terrace,Male,26
beversleymk,Bertina,Eversley,6951590570,0732 Crescent Oaks Park,Female,25
emeadowcraftml,Emmalynne,Meadowcraft,9491569419,90 Texas Court,Female,40
sminnettemm,Siegfried,Minnette,4482463564,19194 Larry Center,Male,42
mwebstermn,Malorie,Webster,7904953690,57 Karstens Terrace,Female,28
jkilbournemo,Joachim,Kilbourne,8632185784,19916 Express Center,Male,20
cocaheymp,Conrad,O'Cahey,7022622083,64 Helena Plaza,Male,38
mdrewellmq,Matias,Drewell,7082952852,0828 Forest Run Drive,Male,19
fbockingsmr,Fania,Bockings,1657204623,3254 Debs Pass,Female,36
jplacems,Jarrett,Place,3562939214,841 Merchant Lane,Male,18
lhallifaxmt,Lynnette,Hallifax,5297504038,16 Bluestem Circle,Female,30
vlazermu,Valry,Lazer,4239858667,35320 Kings Alley,Female,23
mgoddenmv,Marita,Godden,6273029236,5 Kropf Parkway,Female,44
rissakovmw,Robin,Issakov,3101894085,42163 Anniversary Park,Male,19
ciddensmx,Chris,Iddens,9244258281,089 Trailsway Junction,Female,29
kbiasettimy,Kipp,Biasetti,2446901621,33972 Darwin Terrace,Male,28
rfearnallmz,Rodney,Fearnall,3631797099,3780 Hoepker Circle,Male,20
lsummertonn0,Lynelle,Summerton,2597719935,62432 La Follette Junction,Female,32
ifardyn1,Ignacius,Fardy,2393093561,8 Farmco Place,Male,18
gaparkn2,Gardiner,Apark,5053916390,3003 Lukken Point,Male,39
wbrownsmithn3,Wye,Brownsmith,7525754249,294 Westport Center,Male,22
apropn4,Astrid,Prop,4764623012,06 Butterfield Junction,Female,30
fmalamoren5,Faun,Malamore,8271405659,2882 Westerfield Junction,Female,32
fyoungn6,Fleurette,Young,4648348120,3 Havey Point,Female,34
smoirn7,Stafani,Moir,9265147897,2 Manley Lane,Female,22
sbenton8,Shell,Bento,5088472123,2944 Mosinee Park,Female,20
jswalowen9,Jenn,Swalowe,3855828695,9 Schlimgen Pass,Female,24
bwoolfendenna,Bryna,Woolfenden,2689321489,29081 Birchwood Avenue,Female,21
lwellingnb,Luca,Welling,5494082971,35114 Talmadge Road,Male,18
kcarloninc,Kendricks,Carloni,6033409983,03 Sachs Alley,Male,18
rculligannd,Ricca,Culligan,2541654842,4582 Weeping Birch Pass,Female,36
sproschekne,Silvia,Proschek,9481067540,1202 Warbler Pass,Female,22
nairdsnf,Nessi,Airds,1081690110,14 Melrose Trail,Female,18
kaggisng,Kania,Aggis,3043041508,70 Eliot Crossing,Female,44
mprivostnh,Mervin,Privost,5264245180,99199 Pawling Trail,Male,23
ahalmni,Ambur,Halm,2542051446,9 Lakewood Gardens Way,Female,39
jmuglestonnj,Jameson,Mugleston,5955427931,8607 Northfield Pass,Male,33
mchallissnk,Morris,Challiss,2143788432,74116 Welch Drive,Male,20
bjacknl,Bo,Jack,1169991997,35 Lindbergh Street,Male,18
uthurnernm,Ulysses,Thurner,3406013319,51 Paget Avenue,Male,23
jshatliffnn,Joline,Shatliff,1882140836,90056 Columbus Crossing,Female,36
fruslenno,Florry,Ruslen,5128909836,91 Westend Trail,Female,26
tbuckberrynp,Ted,Buckberry,3576676726,4 Basil Crossing,Male,28
fmattingsonnq,Fey,Mattingson,4798240978,1386 Sutteridge Alley,Female,29
eblountnr,Ertha,Blount,2978071752,3652 Aberg Park,Female,31
dstrangewayns,Darrelle,Strangeway,6984842843,867 Kropf Hill,Female,38
mbailesnt,Meredith,Bailes,9862378609,3 Bunker Hill Pass,Female,43
aperrynu,Allene,Perry,5903657515,81 Farmco Court,Female,34
mdumingosnv,Mendie,Dumingos,2526708951,74 Cherokee Pass,Male,35
mswallownw,Marne,Swallow,7305542998,7618 Dennis Lane,Female,29
blimmingnx,Bank,Limming,1892862086,25144 Farwell Pass,Male,43
pdyettny,Pepe,Dyett,3284123114,007 Hanson Center,Male,36
mbreinleinnz,Martelle,Breinlein,7011123891,8 Talmadge Lane,Female,41
rdaglisho0,Rogers,Daglish,5351975906,299 Hovde Lane,Male,37
bgaskero1,Berget,Gasker,4526437541,31826 Eagan Lane,Female,28
escrubyo2,Ethelda,Scruby,1147393475,38876 Twin Pines Drive,Female,31
kosculleyo3,Kattie,O'Sculley,2467876385,717 Prairieview Parkway,Female,21
mwetheyo4,Matilda,Wethey,2815683800,08 Birchwood Trail,Female,23
sbernardeauo5,Sile,Bernardeau,8923524408,19824 Dwight Street,Female,42
sperhamo6,Sibilla,Perham,7571790145,65761 Northridge Avenue,Female,22
agodspedeo7,Amble,Godspede,3874661383,19887 Moland Court,Male,24
lgabboto8,Lissi,Gabbot,4612320802,21 5th Street,Female,34
opennoneo9,Olenka,Pennone,4242316923,2 Golf View Avenue,Female,29
mdavenelloa,Moll,Davenell,4353817275,93 Anthes Circle,Female,27
scovingtonob,Shani,Covington,2247561116,5301 Mccormick Pass,Female,42
lolwenoc,Lenka,Olwen,9243928854,0 Straubel Alley,Female,44
mandriessenod,Marlowe,Andriessen,4294092630,07 South Way,Male,23
gderksoe,Gaby,Derks,8491968338,8694 Service Plaza,Male,39
nnaryof,Nerty,Nary,6844318447,119 Rutledge Junction,Female,29
aemlenog,Aldric,Emlen,5789612632,54 Dovetail Drive,Male,26
raylesburyoh,Roddie,Aylesbury,1394909268,0 Ronald Regan Way,Male,37
fdrewetoi,Faustina,Drewet,6169957122,124 Warner Plaza,Female,18
rrookebyoj,Renard,Rookeby,4843345313,36789 Killdeer Avenue,Male,35
vlettenok,Viole,Letten,6148507056,26565 Packers Parkway,Female,42
jcromarol,Jarad,Cromar,2358607525,53 Kenwood Place,Male,19
dpattesallom,Derril,Pattesall,8079590449,14 Valley Edge Road,Male,21
jsarjeanton,Julianne,Sarjeant,4872783921,7 Hagan Hill,Female,45
hkingdomoo,Harwilll,Kingdom,7858855881,230 Menomonie Point,Male,41
nfineyop,Nikolas,Finey,1624904551,03946 Donald Terrace,Male,36
esleenyoq,Eadie,Sleeny,3084128339,38109 Arizona Parkway,Female,44
kjerkeor,Karlan,Jerke,2069794831,90360 Saint Paul Alley,Male,45
zspincksos,Zeb,Spincks,1445812738,9858 Fieldstone Alley,Male,26
iculshewot,Itch,Culshew,4995733575,72 Waxwing Plaza,Male,36
nudeyou,Napoleon,Udey,2453408771,57643 Gerald Center,Male,38
mfilippelloov,Moritz,Filippello,4189429950,444 Killdeer Park,Male,43
cellicottow,Chanda,Ellicott,4748439237,4 Maple Wood Alley,Female,24
amuehlerox,Ailsun,Muehler,9749572856,092 Maple Parkway,Female,21
lblaksleyoy,Lonnie,Blaksley,7181605522,9 Kedzie Junction,Female,28
ajakoubekoz,Andriette,Jakoubek,5944441690,675 International Road,Female,39
hgoodbannep0,Harlin,Goodbanne,8893363008,09 Mcguire Drive,Male,22
bvynollp1,Bibbye,Vynoll,4052379884,0821 Sugar Place,Female,42
fcadgep2,Florina,Cadge,1076487609,91 Beilfuss Park,Female,31
elightbournp3,Eduino,Lightbourn,3493604482,84886 Moose Park,Male,25
sadinp4,Shannan,Adin,6553864274,2 Arrowood Trail,Male,41
sjaffreyp5,Sasha,Jaffrey,7978402520,77 Duke Court,Female,39
kbennettop6,Kane,Bennetto,4287758434,76 Buena Vista Alley,Male,45
borodanep7,Betsey,O'Rodane,9828588413,3435 Sundown Junction,Female,29
tciottip8,Thane,Ciotti,6176418637,24447 Haas Pass,Male,28
vcrankp9,Vernen,Crank,1302162273,00906 Sundown Lane,Male,37
gcouplandpa,Gerek,Coupland,3567023294,95116 Sugar Junction,Male,34
goddiepb,Galvan,Oddie,7438581190,715 Hazelcrest Plaza,Male,33
rebdonpc,Rori,Ebdon,4767519140,7 Springs Park,Female,27
bchamppd,Bernadina,Champ,2887037195,96828 Lerdahl Terrace,Female,33
scornwallpe,Syd,Cornwall,5373178739,28 Katie Court,Male,23
dcuttinpf,Dominique,Cuttin,5529978516,449 Warrior Crossing,Male,44
tglamartpg,Tore,Glamart,6512783191,15 Mifflin Circle,Male,37
mmollenph,Merle,Mollen,9623947668,3 Menomonie Hill,Female,41
tvaughampi,Tad,Vaugham,1928220151,7 American Ash Junction,Male,30
npembertonpj,Nathanael,Pemberton,4474607144,1631 Vernon Alley,Male,37
gjeromsonpk,Gladys,Jeromson,7892306679,13 Pierstorff Plaza,Female,20
nspinopl,Neill,Spino,9361302625,14829 Reindahl Crossing,Male,42
ltoopepm,Luce,Toope,8717145778,0603 Starling Parkway,Female,45
rkindredpn,Royall,Kindred,8285646575,079 Springview Plaza,Male,22
jspringthorppo,Jeanine,Springthorp,5806209332,84152 Golf Course Street,Female,21
dwisbypp,Derrek,Wisby,9727914122,38 Grasskamp Place,Male,30
zmangenetpq,Zacherie,Mangenet,8359023361,09 Dorton Avenue,Male,33
hvanderwaltpr,Harlie,Van Der Walt,2438658611,2 Autumn Leaf Court,Female,23
dbridalps,Darnell,Bridal,4124147904,529 Reindahl Terrace,Male,29
jclelandpt,Janessa,Cleland,5649607966,0 Carey Parkway,Female,42
vgoftonpu,Vickie,Gofton,3165059303,88 Hoffman Hill,Female,36
dwinnpv,Deonne,Winn,8634802740,3862 Meadow Ridge Hill,Female,22
wsmeallpw,Whitby,Smeall,2236578232,068 Meadow Valley Street,Male,25
alinnypx,Analise,Linny,6453213873,67 Tennessee Point,Female,27
ateatherpy,Amandi,Teather,3368892002,235 Surrey Parkway,Female,30
ccruickshankspz,Cristi,Cruickshanks,5139183676,37 Gerald Point,Female,44
yleatonq0,Yolanda,Leaton,5446640482,45161 Springview Way,Female,24
wedingtonq1,Wylma,Edington,3909193251,30 Debra Center,Female,45
scayfordq2,Sallyann,Cayford,9152161084,1185 Spaight Park,Female,35
zhamlenq3,Zeb,Hamlen,1705330256,836 Jay Avenue,Male,23
agelardiq4,Alica,Gelardi,7456838710,5839 Maple Crossing,Female,36
lcankettq5,Leilah,Cankett,5805496621,606 New Castle Way,Female,37
mhuleattq6,Marketa,Huleatt,9869691757,7 Hayes Lane,Female,31
ehatchettq7,Elka,Hatchett,2963966852,1 West Court,Female,22
lbrookhouseq8,Lane,Brookhouse,7341850228,1 Derek Court,Male,45
fchapierq9,Filia,Chapier,4671823556,88965 Hauk Pass,Female,20
cenzleyqa,Cathee,enzley,6986248654,31 Thompson Place,Female,36
atilbrookqb,Archer,Tilbrook,5524909791,89 Mosinee Pass,Male,21
aenstenqc,Arabelle,Ensten,4458395772,54995 Kedzie Terrace,Female,22
kbraffingtonqd,Kinna,Braffington,9037420012,0 Bartelt Way,Female,37
rtrevorrowqe,Ricky,Trevorrow,5494277370,70246 Bunker Hill Drive,Female,27
ftatherqf,Finn,Tather,8277076715,7959 Sheridan Center,Male,42
talessandrettiqg,Tarrance,Alessandretti,8978596448,1 Merrick Point,Male,24
dterzzaqh,Dall,Terzza,6542322181,58005 Hoepker Way,Male,25
mgetleyqi,Melodee,Getley,5436738694,47 Graedel Court,Female,33
lguidiniqj,Lyndsay,Guidini,5686207304,93 Atwood Road,Female,21
gantonescuqk,Gianina,Antonescu,7879725078,27 Dorton Hill,Female,34
cbloisql,Cindelyn,Blois,8309612093,481 Fieldstone Lane,Female,41
fkennifeckqm,Ferdie,Kennifeck,1863369907,2 Del Sol Pass,Male,40
lkohlerqn,Lazaro,Kohler,9359410072,3 Cascade Parkway,Male,44
laleshintsevqo,Langsdon,Aleshintsev,2543303467,6 Warbler Drive,Male,36
mfelthamqp,Marcile,Feltham,5748718520,592 Melvin Pass,Female,36
sderuggeroqq,Sigismond,De Ruggero,7214569463,44 Scoville Avenue,Male,44
pchickqr,Peyton,Chick,7454677221,31 Rigney Court,Male,22
rjoelqs,Randal,Joel,4221853774,2301 Haas Street,Male,39
fdecarolisqt,Felicity,De Carolis,6464512748,9005 Buell Park,Female,33
rwoolfallqu,Read,Woolfall,8573290647,22618 Homewood Place,Male,26
tbeestonqv,Teddy,Beeston,1475247473,0 Hooker Street,Female,22
seayresqw,Sherwood,Eayres,2502566773,574 Kings Trail,Male,42
mgallyhaockqx,Mylo,Gallyhaock,1244793651,0953 Carpenter Plaza,Male,21
jwickinsqy,Jerad,Wickins,1572785010,8780 Grasskamp Circle,Male,30
jtreebyqz,Johnny,Treeby,3089218017,3 Nelson Junction,Male,26
swudelandr0,Sunshine,Wudeland,7626185389,763 Lukken Road,Female,28
cfaierr1,Chen,Faier,2091238046,84 Northland Alley,Male,34
ebevenr2,Eric,Beven,4497786155,44447 Atwood Plaza,Male,37
tdomenguer3,Thane,Domengue,4518188463,0384 Luster Center,Male,24
colssonr4,Clark,Olsson,2905213270,5 Bultman Avenue,Male,18
fwillertonr5,Frants,Willerton,4568295764,07 Eastlawn Park,Male,41
rmoraisr6,Rory,Morais,6331626377,53191 Mockingbird Parkway,Male,26
kbester7,Krissie,Beste,6039312185,0 Maywood Parkway,Female,39
eerdesr8,Eada,Erdes,7669374916,5741 Golf View Crossing,Female,25
vwilloughleyr9,Violette,Willoughley,4312712403,4680 Little Fleur Court,Female,37
pdockreyra,Padriac,Dockrey,5836216969,87142 Monica Lane,Male,26
mscholerb,Muhammad,Schole,9512473970,9709 Meadow Ridge Road,Male,45
dfowlesrc,Dolph,Fowles,6603865273,20475 Barnett Point,Male,41
dyglesiasrd,Drew,Yglesias,5745080132,17 Riverside Junction,Male,45
larnaldyre,Latrina,Arnaldy,2979688559,5 Coleman Hill,Female,20
bdanielssonrf,Byron,Danielsson,5088837069,14 American Junction,Male,40
emagorrg,Eal,Magor,4564157451,959 Morrow Pass,Male,43
zshelprh,Zebulen,Shelp,2918992911,6 Marquette Place,Male,28
hdalglishri,Hamid,Dalglish,5037087676,17813 Nelson Court,Male,25
llydallrj,Laughton,Lydall,2028944618,6282 Rusk Terrace,Male,21
sfarmiloerk,Sherman,Farmiloe,9952071664,0071 Mandrake Terrace,Male,38
sullockrl,Shelton,Ullock,6756383607,340 Myrtle Park,Male,35
mtukerm,Margi,Tuke,6506162216,5527 Brown Trail,Female,39
iseivwrightrn,Indira,Seivwright,6619917852,051 Express Trail,Female,34
sdunseathro,Stephanie,Dunseath,7782687442,43362 Fordem Point,Female,22
awitcherrp,Adham,Witcher,3085692414,6 Homewood Trail,Male,31
lagastinarq,Lelia,Agastina,8992607402,89770 5th Parkway,Female,21
cabadamrr,Clevie,Abadam,5242590999,639 Eliot Alley,Male,42
