username,first_name,last_name,phone,address,sex,age
kkimmons0,Katleen,Kimmons,950-450-5500,9199 Burrows Center,Female,35
qdorsey1,Quinlan,Dorsey,781-863-1883,521 Vera Alley,Male,39
cstockell2,Camella,Stockell,386-828-8920,2260 Glendale Court,Female,23
bgoodred3,Brendan,Goodred,218-328-9276,94307 Bay Crossing,Male,40
ldurram4,Law,Durram,176-173-0624,6676 Lakeland Trail,Male,32
mbowley5,Marjy,Bowley,199-638-2604,9175 Carberry Point,Female,18
swedge6,Shawn,Wedge,265-476-8876,9780 Schurz Point,Male,31
gcuree7,Glenn,Curee,632-960-6659,04 Brown Lane,Female,27
ctrewhela8,Coletta,Trewhela,644-306-4061,16375 Judy Parkway,Female,44
vdenisyev9,Vito,Denisyev,519-773-8825,76674 Del Sol Junction,Male,20
siacovozzoa,Sylvan,Iacovozzo,706-945-5578,574 Amoth Alley,Male,18
dceyssenb,Derry,Ceyssen,312-882-6850,35994 5th Pass,Male,19
rshillingfordc,Reece,Shillingford,638-579-3431,6 Prairie Rose Way,Male,39
gbirchd,Greg,Birch,438-956-1183,00 Hayes Court,Male,37
jantuke,Janene,Antuk,877-578-6232,4 Westport Circle,Female,44
fobeyf,Farlay,Obey,878-968-3966,661 Northview Alley,Male,37
eshayg,Emmalynn,Shay,199-366-7221,5251 Prentice Court,Female,45
edecarolish,Evangeline,De Carolis,632-220-8208,8250 Morningstar Alley,Female,33
aivimyi,Agnella,Ivimy,478-969-4214,5720 Oneill Avenue,Female,18
ereuterj,Erik,Reuter,829-854-2644,7297 Ohio Parkway,Male,27
khuygensk,Karlis,Huygens,583-586-6993,49876 Claremont Pass,Male,24
gdowalll,Gianina,Dowall,429-750-1751,8440 Oak Valley Way,Female,34
kscorrerm,Korrie,Scorrer,242-497-2682,88550 Mccormick Plaza,Female,40
dbailesn,Doreen,Bailes,877-429-1378,0 Manufacturers Alley,Female,30
mnelo,Mona,Nel,559-697-4095,14329 Sunnyside Drive,Female,39
scottisp,Sharity,Cottis,349-481-3351,1126 Emmet Point,Female,35
mbourgourq,Marlow,Bourgour,190-633-2341,17 Menomonie Plaza,Male,33
rtouhigr,Rahel,Touhig,739-286-7967,326 Westend Place,Female,37
nninniss,Nelli,Ninnis,939-897-1549,0 Bluejay Circle,Female,45
obirtst,Orbadiah,Birts,980-519-3628,0731 Magdeline Pass,Male,38
tlydiattu,Townsend,Lydiatt,640-311-5686,1 Doe Crossing Street,Male,19
ayeatesv,Antoine,Yeates,902-276-9960,97 Monica Avenue,Male,37
sbreew,Sibby,Bree,419-295-2081,2 Pond Place,Female,44
crichelx,Chan,Richel,283-730-8268,674 Cordelia Terrace,Male,43
jtwelftreey,Jennine,Twelftree,955-869-6716,829 Kedzie Park,Female,36
mduggenz,Marissa,Duggen,155-546-8136,1 Memorial Way,Female,42
mlavers10,Madison,Lavers,337-938-6119,6 Carberry Park,Male,37
lmeier11,Linnell,Meier,947-329-9937,6 Hooker Circle,Female,18
amostyn12,Ardine,Mostyn,143-885-5570,126 American Point,Female,35
hburbidge13,Harri,Burbidge,549-549-4469,411 Declaration Hill,Female,19
jperacco14,Jennie,Peracco,245-526-4210,381 Emmet Alley,Female,40
rbenezet15,Rockwell,Benezet,664-882-5140,4 Sutteridge Pass,Male,43
tgladeche16,Tommy,Gladeche,215-371-9167,92478 Fairfield Lane,Male,38
ahuck17,Andris,Huck,612-592-1292,1463 Reindahl Hill,Male,30
cnanetti18,Concettina,Nanetti,114-804-8797,70 Center Center,Female,31
amaypowder19,Annabela,Maypowder,746-764-2992,6300 Farmco Point,Female,40
gscarsbrook1a,Gabriella,Scarsbrook,403-499-2851,29740 Crescent Oaks Crossing,Female,33
gjaffa1b,Gilemette,Jaffa,743-789-0889,99 Bowman Road,Female,44
tespada1c,Terri,Espada,374-579-2112,2 5th Pass,Male,22
craincin1d,Carley,Raincin,189-360-6743,93 Eliot Lane,Female,41
zdyble1e,Zola,Dyble,510-333-1583,488 Burrows Trail,Female,44
gdyster1f,Gaile,Dyster,103-700-9255,65 Everett Lane,Male,45
scurtis1g,Sam,Curtis,553-392-6580,8755 Fieldstone Terrace,Female,22
sclaridge1h,Sadye,Claridge,694-734-5198,34240 Prentice Circle,Female,23
ilincey1i,Irwinn,Lincey,659-745-2929,11 Dottie Point,Male,42
gtidball1j,Grete,Tidball,176-372-8670,86 Dakota Place,Female,40
dsilmon1k,Dominick,Silmon,208-502-2901,851 Butternut Trail,Male,29
clohmeyer1l,Cookie,Lohmeyer,805-486-2511,1 Brown Crossing,Female,22
wlamburn1m,Wade,Lamburn,948-296-5252,15 Marcy Alley,Male,36
ehearon1n,Esther,Hearon,486-726-9491,463 Havey Lane,Female,21
tcure1o,Timothy,Cure,175-909-1465,0 Arapahoe Center,Male,32
eclymer1p,Earl,Clymer,884-790-1067,74 Oak Crossing,Male,29
lgratland1q,Leona,Gratland,533-832-6749,2 Mockingbird Crossing,Female,45
eadamiak1r,Elston,Adamiak,164-840-0159,174 Coleman Pass,Male,24
mliveing1s,Merrel,Liveing,563-580-4647,8 Warrior Terrace,Male,21
bbaraja1t,Bessie,Baraja,877-206-0706,2 Utah Road,Female,32
krisbie1u,Keefer,Risbie,848-639-7910,39 Sutteridge Alley,Male,25
dwilkin1v,Davida,Wilkin,132-318-6323,0231 Rieder Hill,Female,29
cbream1w,Clevie,Bream,835-544-6981,7475 Arapahoe Lane,Male,40
jadolfsen1x,Jeannine,Adolfsen,144-117-9799,5 Amoth Lane,Female,43
ddaughtry1y,Dewain,Daughtry,449-409-6672,986 Hooker Terrace,Male,20
cbeaney1z,Cordie,Beaney,285-841-7555,63566 Susan Plaza,Male,42
tboneham20,Teddy,Boneham,534-394-3084,827 Hoffman Crossing,Male,22
iwestphalen21,Isacco,Westphalen,466-863-6351,67358 Schiller Point,Male,34
ischaumaker22,Isidro,Schaumaker,376-873-5418,0 Hanover Avenue,Male,39
gathersmith23,Giselle,Athersmith,847-568-9303,513 Mcbride Court,Female,26
tmarty24,Tersina,Marty,959-707-2999,85 Loomis Drive,Female,29
kdipietro25,Katheryn,Di Pietro,539-405-3434,958 Jay Circle,Female,29
aslides26,Abbey,Slides,747-166-8144,593 Armistice Parkway,Female,18
alaxston27,Angie,Laxston,392-729-6300,31500 Manley Point,Female,19
kpelos28,Kelcy,Pelos,765-687-5257,18 Lake View Trail,Female,31
fhousam29,Faustina,Housam,256-418-4913,60 Express Avenue,Female,32
vwanell2a,Vallie,Wanell,245-254-6653,19 Sullivan Circle,Female,22
htutchell2b,Hayes,Tutchell,685-411-6057,64795 Farragut Center,Male,36
rwickwarth2c,Rivy,Wickwarth,128-983-6117,03 Jenna Center,Female,26
fmaypowder2d,Fidole,Maypowder,202-317-8671,101 Forest Way,Male,25
fshields2e,Felipe,Shields,795-457-9942,841 Clarendon Center,Male,37
rlabro2f,Rickey,Labro,533-540-7173,150 Pankratz Alley,Male,29
qantoniou2g,Quentin,Antoniou,695-833-6562,808 Talmadge Park,Female,26
mworsfield2h,Marchall,Worsfield,554-298-2818,648 American Road,Male,28
gpeaddie2i,Gus,Peaddie,735-669-1922,8003 Anzinger Center,Female,20
eenos2j,Elita,Enos,480-971-0929,4489 International Street,Female,24
rsharphouse2k,Roscoe,Sharphouse,929-527-7032,006 Springs Drive,Male,26
eiddison2l,Ellerey,Iddison,817-197-7124,8101 Fulton Center,Male,41
tabethell2m,Tatiana,Abethell,387-589-6892,3726 Fair Oaks Point,Female,18
rburn2n,Rafe,Burn,211-982-1767,5 East Center,Male,23
hpettis2o,Hollis,Pettis,292-230-4230,66969 Kingsford Parkway,Male,26
sberthouloume2p,Sigismundo,Berthouloume,875-106-0935,023 Basil Drive,Male,28
bwhitsun2q,Basilius,Whitsun,611-150-6407,3522 Parkside Junction,Male,40
eredfern2r,Ernestine,Redfern,931-471-6747,7600 Rusk Plaza,Female,42
